iteration, 2MiB get time, recover pysical , sum getting time, former flip, later flip, sum flip, flip in page, form time, later time, searching time, entire time,dump
1,0.0118637,8.89518,8.90704,31,20,51,51,9.38436,6.4149,15.7993,24.7409,0
2,0.0197075,2.53703,2.55674,14,7,21,72,11.2621,10.569,21.8311,50.1332,0
3,0.0226571,7.30696,7.32961,34,19,53,125,8.93139,6.88938,15.8208,74.2881,0
4,0.0209945,6.52251,6.54351,15,7,22,147,11.5271,9.98546,21.5126,103.349,0
5,0.0196467,2.00424,2.02389,24,10,34,180,10.9846,7.61934,18.604,124.981,0
6,0.018928,6.8344,6.85333,13,9,22,202,12.0732,9.98058,22.0538,154.893,0
7,0.0207809,8.0976,8.11838,13,10,23,225,11.0398,10.8072,21.8471,185.863,0
8,0.0217102,7.54673,7.56844,34,16,50,275,8.70537,6.83611,15.5415,209.977,0
9,0.0212346,6.67289,6.69413,11,6,17,292,11.8684,10.4708,22.3392,240.015,0
10,0.0224508,4.31121,4.33366,27,17,44,335,9.77553,6.40385,16.1794,261.533,0
11,0.0214401,3.28111,3.30255,10,5,15,350,12.515,9.89114,22.4061,288.246,0
12,0.024117,3.19159,3.2157,34,7,41,390,8.90815,8.00826,16.9164,309.382,0
13,0.0229024,6.60201,6.62491,17,8,25,415,11.4715,9.48546,20.957,337.969,0
14,0.0212197,5.36757,5.38879,41,11,52,467,8.6378,7.83979,16.4776,360.84,0
15,0.0235953,6.75825,6.78185,15,2,17,483,12.208,10.2279,22.436,391.062,0
16,0.0249413,7.30675,7.33169,33,18,51,533,10.5595,6.88516,17.4447,416.843,0
17,0.0242346,5.75133,5.77557,20,11,31,564,11.6154,9.36784,20.9832,444.606,0
18,0.0226035,5.12511,5.14772,37,14,51,613,9.59083,6.47928,16.0701,466.828,0
19,0.0227989,6.21264,6.23544,11,6,17,630,12.2975,9.96959,22.2671,496.335,0
20,0.0226194,7.38238,7.405,24,26,50,679,10.2596,6.73545,16.9951,521.74,0
21,0.0246168,8.38758,8.4122,22,7,29,708,11.0491,9.79333,20.8424,551.999,0
22,0.0240067,3.58731,3.61132,29,14,43,749,10.7607,6.95108,17.7118,574.327,0
23,0.0227405,9.04123,9.06397,10,6,16,765,12.4562,10.9019,23.3581,607.753,0
24,0.0222905,6.7092,6.73149,37,24,61,826,8.42686,7.07041,15.4973,630.987,0
25,0.0258317,7.1535,7.17933,16,6,22,847,11.72,10.0073,21.7273,660.898,0
26,0.025886,4.57753,4.60341,35,15,50,896,9.24697,6.8984,16.1454,682.651,0
27,0.0249402,6.29489,6.31983,7,8,15,910,12.8602,10.9371,23.7973,713.773,0
28,0.0249953,4.18358,4.20858,28,20,48,957,8.49966,6.59974,15.0994,734.085,0
29,0.0273451,7.22542,7.25277,14,9,23,979,11.3733,10.5338,21.9072,764.25,0
30,0.027676,4.02384,4.05152,36,11,47,1025,9.26442,7.05697,16.3214,785.627,0
31,0.0272857,3.63648,3.66376,13,3,16,1041,12.2243,10.9081,23.1324,813.428,0
32,0.0261923,5.02147,5.04766,28,13,41,1078,9.44387,7.40792,16.8518,836.332,0
33,0.0253953,5.33197,5.35737,17,3,20,1098,11.2366,9.91868,21.1553,863.849,0
34,0.025994,3.35276,3.37876,22,12,34,1131,10.3996,8.583,18.9826,887.215,0
35,0.0272832,4.14812,4.17541,11,6,17,1148,11.3595,10.3896,21.7491,914.144,0
36,0.0273232,7.38674,7.41407,21,13,34,1181,11.0955,8.00897,19.1045,941.667,0
37,0.0282219,4.62152,4.64975,7,3,10,1191,11.7472,11.8986,23.6458,970.967,0
38,0.0281401,7.72485,7.75299,22,22,44,1234,9.74366,8.30543,18.0491,997.773,0
39,0.0293846,6.75211,6.78149,15,10,25,1258,12.0757,9.45229,21.528,1027.09,0
40,0.0279323,3.51732,3.54525,26,15,41,1296,9.59388,7.59637,17.1903,1048.83,0
41,0.0281696,4.3903,4.41847,11,6,17,1311,12.387,10.8666,23.2536,1077.5,0
42,0.0285255,6.27879,6.30731,38,22,60,1368,10.7159,5.08601,15.8019,1100.62,0
43,0.0293759,3.35748,3.38686,12,8,20,1386,12.3979,9.94987,22.3478,1127.36,0
44,0.027765,6.05186,6.07963,33,15,48,1429,10.4818,6.45525,16.9371,1151.38,0
45,0.029546,5.66933,5.69888,11,6,17,1446,11.6051,10.853,22.4581,1180.54,0
46,0.0300515,4.88882,4.91887,32,19,51,1494,8.79244,7.11066,15.9031,1202.37,0
47,0.0313933,5.96917,6.00057,11,7,18,1510,11.9463,10.3447,22.291,1231.66,0
48,0.0316582,5.9368,5.96846,30,24,54,1558,9.25899,8.34608,17.6051,1256.24,0
49,0.0294639,7.86643,7.8959,18,4,22,1580,10.0321,10.4087,20.4408,1285.58,0
50,0.0321134,4.62558,4.65769,35,17,52,1629,8.47913,7.42626,15.9054,1307.15,0
51,0.0281575,3.59227,3.62043,23,3,26,1653,12.0546,9.87775,21.9324,1333.71,0
52,0.0318793,8.08878,8.12066,43,23,66,1715,8.59828,7.04944,15.6477,1358.48,0
53,0.0315807,4.69086,4.72244,15,5,20,1735,12.537,9.57221,22.1092,1386.32,0
54,0.0292412,5.47667,5.50591,29,12,41,1774,9.61327,8.05453,17.6678,1410.49,0
55,0.0320737,7.72048,7.75255,13,10,23,1796,12.3689,9.92471,22.2937,1441.54,0
56,0.0315037,5.64894,5.68044,30,21,51,1845,9.58459,7.37539,16.96,1465.19,0
57,0.0303891,7.38236,7.41275,14,8,22,1867,10.7302,10.7865,21.5167,1495.12,0
58,0.0323529,8.71949,8.75184,34,18,52,1917,9.38552,6.60889,15.9944,1520.87,0
59,0.0327809,8.18254,8.21532,14,11,25,1938,11.3808,10.5744,21.9552,1552.05,0
60,0.0319274,2.15911,2.19103,35,8,43,1978,10.0642,7.01375,17.0779,1572.32,0
61,0.0324126,3.74833,3.78074,11,2,13,1991,12.2186,11.1015,23.3201,1600.43,0
62,0.0319764,6.2819,6.31387,27,25,52,2041,8.59981,8.35186,16.9517,1624.7,0
63,0.034248,3.99843,4.03268,11,2,13,2051,12.446,10.7295,23.1755,1652.91,0
64,0.0337506,6.50623,6.53998,21,17,38,2085,10.7924,7.48109,18.2735,1678.73,0
65,0.032287,8.75667,8.78896,11,7,18,2101,11.5627,11.1269,22.6896,1711.21,0
66,0.032877,4.64229,4.67516,30,15,45,2145,9.84817,7.62919,17.4774,1734.37,0
67,0.0324254,6.25661,6.28903,12,4,16,2160,12.0907,10.351,22.4418,1764.1,0
68,0.0339793,8.47469,8.50867,16,14,30,2189,10.0505,10.7346,20.7851,1794.4,0
69,0.0347012,5.34261,5.37731,13,2,15,2202,12.0527,11.1534,23.2062,1823.99,0
70,0.035752,3.87452,3.91027,26,8,34,2233,9.65394,8.05987,17.7138,1846.62,0
71,0.0343153,5.44218,5.47649,13,4,17,2249,12.2564,10.016,22.2724,1875.37,0
72,0.0345719,2.47192,2.50649,31,7,38,2284,9.74624,7.99253,17.7388,1896.62,0
73,0.0359384,8.65828,8.69422,18,14,32,2312,11.3678,10.2969,21.6646,1927.98,0
74,0.033526,4.78255,4.81607,32,12,44,2353,9.59562,7.10227,16.6979,1950.5,0
75,0.0329108,5.01721,5.05012,13,4,17,2368,12.063,10.8949,22.958,1979.52,0
76,0.0354605,3.99465,4.03011,41,9,50,2416,8.30123,7.46044,15.7617,2000.31,0
77,0.0356094,7.94164,7.97725,9,10,19,2434,11.9094,11.4266,23.336,2032.63,0
78,0.0370924,7.86511,7.9022,33,35,68,2495,8.41361,6.17311,14.5867,2056.12,0
79,0.0361493,5.88584,5.92199,12,10,22,2515,12.3867,10.8154,23.2021,2086.25,0
80,0.0360288,7.08858,7.12461,34,23,57,2569,8.39067,7.01895,15.4096,2109.79,0
81,0.0363815,8.9111,8.94748,13,7,20,2589,11.5192,10.9469,22.4662,2142.21,0
82,0.0356082,4.22617,4.26178,38,11,49,2632,9.77833,6.61266,16.391,2163.87,0
83,0.0382644,4.86501,4.90328,15,6,21,2652,11.5369,10.7008,22.2377,2192.01,0
84,0.0366139,8.74304,8.77965,33,22,55,2704,8.55247,6.84506,15.3976,2217.19,0
85,0.0384783,7.86596,7.90444,12,10,22,2725,11.7316,10.4247,22.1564,2248.26,0
86,0.0382754,6.51916,6.55744,35,22,57,2780,8.58581,7.34553,15.9314,2271.75,0
87,0.0360964,6.90454,6.94064,10,14,24,2800,12.2455,10.4472,22.6927,2302.39,0
88,0.0386808,2.25184,2.29052,28,6,34,2830,11.017,7.65597,18.673,2324.36,0
89,0.040106,6.99906,7.03916,9,7,16,2846,12.3882,9.80746,22.1956,2354.6,0
90,0.0373205,6.9179,6.95523,36,17,53,2897,8.41711,8.03714,16.4543,2379.01,0
91,0.039275,6.2754,6.31467,14,4,18,2914,12.0417,10.0171,22.0589,2408.39,0
92,0.0378791,5.55636,5.59423,34,12,46,2955,9.12013,7.57096,16.6911,2431.68,0
93,0.0373543,5.81953,5.85688,16,9,25,2976,11.8548,10.3485,22.2033,2460.74,0
94,0.0391493,5.88776,5.92691,30,19,49,3021,9.11981,7.23921,16.359,2484.03,0
95,0.0396951,6.61972,6.65942,15,7,22,3041,12.6389,10.1317,22.7706,2514.47,0
96,0.0383612,2.97743,3.01579,25,4,29,3066,9.54511,9.31755,18.8627,2537.35,0
97,0.0396808,4.39232,4.432,10,5,15,3079,11.9484,11.177,23.1254,2565.91,0
98,0.042317,5.37731,5.41963,25,18,43,3116,10.2998,8.19429,18.4941,2590.83,0
99,0.0410098,6.7772,6.81821,11,4,15,3130,11.9791,10.6974,22.6766,2621.33,0
100,0.042042,8.27371,8.31575,13,12,25,3153,11.8035,10.3126,22.1162,2652.77,0
101,0.0414064,9.02789,9.0693,9,8,17,3169,11.9784,12.0334,24.0117,2686.85,0
102,0.0406642,5.78285,5.82351,27,12,39,3205,9.28218,8.52058,17.8028,2711.48,0
103,0.0413081,8.88927,8.93058,10,14,24,3223,12.2869,11.7178,24.0047,2745.42,0
104,0.0417376,5.09537,5.13711,23,9,32,3252,11.125,8.86953,19.9946,2771.56,0
105,0.0419163,7.097,7.13892,10,8,18,3269,12.1045,10.5191,22.6236,2802.33,0
106,0.042356,8.68096,8.72332,21,20,41,3308,11.271,6.96852,18.2396,2830.29,0
107,0.0430589,7.24395,7.28701,10,15,25,3331,11.4451,10.5851,22.0302,2860.62,0
108,0.0415227,8.77397,8.8155,42,33,75,3400,7.56659,7.68333,15.2499,2885.69,0
109,0.0442218,4.64806,4.69228,14,9,23,3421,11.1336,10.2644,21.398,2912.78,0
110,0.0414557,6.60021,6.64167,32,24,56,3471,9.11314,7.84483,16.958,2937.39,0
111,0.0419593,7.54484,7.5868,13,10,23,3489,11.6869,10.5021,22.189,2968.17,0
112,0.0424907,8.80289,8.84538,30,28,58,3544,9.37964,7.03223,16.4119,2994.43,0
113,0.0426006,7.00804,7.05064,13,16,29,3567,11.8777,11.0233,22.901,3025.38,0
114,0.0432773,5.66432,5.70759,33,24,57,3614,9.83918,7.34445,17.1837,3049.28,0
115,0.0419915,7.63174,7.67374,17,4,21,3634,11.462,10.0029,21.4648,3079.42,0
116,0.0436001,9.1861,9.2297,31,27,58,3684,10.2338,6.7758,17.0096,3106.67,0
117,0.0449727,5.51932,5.56429,21,7,28,3708,10.8272,10.4478,21.275,3134.51,0
118,0.0447627,6.89563,6.9404,35,22,57,3756,9.26531,7.85007,17.1154,3159.57,0
119,0.0432892,5.2157,5.25899,16,4,20,3773,10.9928,10.9212,21.914,3187.75,0
120,0.0445968,9.58243,9.62703,33,27,60,3827,8.08577,7.48987,15.5757,3213.95,0
121,0.0459097,5.94264,5.98855,13,7,20,3846,11.9221,10.1432,22.0653,3243.01,0
122,0.0434839,7.62348,7.66696,35,16,51,3888,9.58222,8.01855,17.6008,3269.29,0
123,0.0425257,8.94019,8.98272,18,13,31,3912,10.917,11.3974,22.3145,3301.59,0
124,0.0431846,5.51471,5.55789,34,28,62,3965,9.9822,6.72558,16.7078,3324.86,0
125,0.0447015,6.33415,6.37885,11,11,22,3983,12.2336,11.6716,23.9053,3356.15,0
126,0.0455291,7.46315,7.50868,35,18,53,4020,10.5255,7.87801,18.4035,3383.06,0
127,0.043593,5.75382,5.79741,13,7,20,4039,12.3802,10.3923,22.7725,3412.64,0
128,0.0458325,9.59552,9.64135,28,22,50,4079,10.6762,7.25019,17.9264,3441.21,0
129,0.0457677,1.43642,1.48219,11,0,11,4089,11.8574,11.5331,23.3905,3467.09,0
130,0.0484633,4.49819,4.54665,31,15,46,4129,9.11259,7.533,16.6456,3489.28,0
131,0.0477201,3.35445,3.40217,12,4,16,4143,11.9814,11.0861,23.0675,3516.76,0
132,0.0462209,5.22045,5.26667,10,11,21,4164,11.8807,9.67926,21.56,3544.59,0
133,0.0458476,5.88634,5.93219,8,8,16,4178,12.5353,10.4653,23.0007,3574.53,0
134,0.0452532,2.48734,2.53259,28,4,32,4202,10.5521,9.62394,20.1761,3598.24,0
135,0.0472447,5.88687,5.93411,14,3,17,4215,12.3654,10.0608,22.4262,3627.6,0
136,0.0472981,6.45168,6.49898,35,21,56,4262,8.57551,6.85087,15.4264,3650.53,0
137,0.047038,7.38643,7.43347,14,12,26,4284,11.874,10.437,22.311,3681.28,0
138,0.049028,5.5565,5.60553,31,9,40,4318,9.92367,7.91762,17.8413,3705.73,0
139,0.0501466,8.49769,8.54783,14,8,22,4336,11.6982,10.7613,22.4595,3737.75,0
140,0.0478563,3.79268,3.84053,38,19,57,4389,7.91573,7.10484,15.0206,3757.61,0
141,0.0495234,4.73317,4.78269,12,9,21,4404,11.3903,11.2173,22.6076,3786.01,0
142,0.0511034,5.2728,5.3239,39,15,54,4451,8.92517,6.55996,15.4851,3807.82,0
143,0.0483731,5.88849,5.93686,13,16,29,4475,11.402,10.3973,21.7993,3836.56,0
144,0.0488805,5.17721,5.22609,33,21,54,4520,10.2391,6.86936,17.1085,3859.9,0
145,0.0497566,4.86833,4.91809,18,6,24,4539,12.7355,9.88657,22.6221,3888.44,0
146,0.0411644,9.37298,9.41415,40,36,76,4601,8.881,6.26896,15.15,3914.01,0
147,0.049709,4.41593,4.46564,14,7,21,4618,11.7309,10.8947,22.6256,3942.11,0
148,0.0493482,8.09002,8.13937,29,21,50,4664,9.10658,9.36838,18.475,3969.73,0
149,0.0510171,5.19429,5.24531,12,10,22,4681,12.2541,10.228,22.4821,3998.46,0
150,0.0511626,7.50261,7.55377,43,26,69,4733,10.5634,7.41469,17.9781,4024.99,0
151,0.0507692,4.9701,5.02087,15,10,25,4754,11.9294,10.292,22.2215,4053.24,0
152,0.0517664,5.04322,5.09499,35,25,60,4802,10.0044,6.89309,16.8975,4076.24,0
153,0.052087,3.18131,3.2334,10,13,23,4822,11.9394,10.7241,22.6635,4103.14,0
154,0.0506499,6.50346,6.55411,30,25,55,4869,9.84147,7.34695,17.1884,4127.89,0
155,0.0523505,8.2715,8.32385,13,13,26,4892,11.8037,10.4416,22.2453,4159.46,0
156,0.0512678,5.20919,5.26046,27,20,47,4938,9.64195,7.25715,16.8991,4182.62,0
157,0.0510544,6.50323,6.55428,10,11,21,4958,12.1909,10.0027,22.1937,4212.38,0
158,0.0538374,5.12624,5.18008,38,7,45,4994,10.4028,7.61083,18.0136,4236.58,0
159,0.0523415,6.51812,6.57046,6,9,15,5007,12.3837,11.1064,23.4901,4267.64,0
160,0.0494944,7.1565,7.20599,32,20,52,5054,8.71644,7.38844,16.1049,4291.96,0
161,0.0515005,7.38546,7.43696,12,6,18,5067,12.2073,10.9689,23.1762,4323.57,0
162,0.0543636,4.78253,4.8369,32,12,44,5100,11.0718,7.4497,18.5215,4347.94,0
163,0.0514001,6.60203,6.65343,12,4,16,5115,12.8975,10.8141,23.7116,4379.31,0
164,0.0547277,8.26377,8.31849,15,16,31,5142,11.5295,8.47292,20.0024,4408.63,0
165,0.0534548,9.37436,9.42782,4,10,14,5154,12.6554,11.9376,24.593,4443.66,0
166,0.0528366,5.321,5.37384,29,13,42,5189,9.73287,7.75157,17.4845,4467.52,0
167,0.0530973,6.90478,6.95788,12,7,19,5206,12.0647,10.6605,22.7252,4498.21,0
168,0.0543876,4.86865,4.92303,34,15,49,5247,10.4097,7.8653,18.2751,4522.41,0
169,0.0553042,6.28643,6.34174,15,8,23,5264,11.8968,11.0084,22.9053,4552.66,0
170,0.0529893,6.11735,6.17034,34,17,51,5309,9.6026,7.04543,16.6481,4576.48,0
171,0.0544532,7.7927,7.84715,16,8,24,5327,10.6371,10.9344,21.5715,4606.91,0
172,0.0559285,5.17771,5.23364,34,21,55,5375,9.63303,6.61396,16.247,4629.39,0
173,0.054578,5.73006,5.78464,12,13,25,5398,11.3893,10.5199,21.9092,4658.09,0
174,0.0561107,6.74439,6.8005,35,20,55,5440,10.2295,7.02232,17.2519,4683.15,0
175,0.0556613,8.49776,8.55342,15,9,24,5460,11.5377,9.79768,21.3354,4714.04,0
176,0.0550645,5.10129,5.15636,30,24,54,5507,9.75661,7.33242,17.089,4737.29,0
177,0.0559472,6.11224,6.16818,11,16,27,5526,12.7079,9.97819,22.6862,4767.15,0
178,0.0577292,7.79267,7.8504,34,19,53,5571,9.37833,7.03156,16.4099,4792.41,0
179,0.0576323,9.54235,9.59998,17,15,32,5597,9.8188,11.372,21.1908,4824.21,0
180,0.0576996,5.72985,5.78755,34,23,57,5644,9.79514,6.38993,16.1851,4847.19,0
181,0.0569682,6.91048,6.96744,18,11,29,5664,12.2325,10.4712,22.7038,4877.86,0
182,0.0571872,8.65796,8.71515,38,15,53,5710,9.41109,7.53932,16.9504,4904.53,0
183,0.0570341,4.70056,4.75759,16,4,20,5729,10.9249,10.2092,21.1342,4931.43,0
184,0.0565738,5.96126,6.01783,41,14,55,5774,9.42252,7.04943,16.472,4954.92,0
185,0.0580157,8.03731,8.09532,15,9,24,5790,12.6974,10.2342,22.9316,4986.95,0
186,0.0579221,6.44742,6.50535,14,5,19,5806,12.034,10.8253,22.8594,5068.35,0
187,0.0344599,1.05365,1.08811,0,0,0,5806,11.4922,1.43E-07,11.4922,5081.93,1
188,0.0334152,1.05353,1.08695,0,0,0,5806,11.6689,1.90E-07,11.6689,5095.69,2
189,0.058417,4.73246,4.79088,36,12,48,5845,8.60355,7.98928,16.5928,5118.08,2
190,0.0562584,4.72896,4.78521,17,8,25,5862,11.8287,10.7023,22.531,5164.25,2
191,0.0596926,6.25302,6.31271,41,19,60,5913,8.28717,6.72939,15.0166,5186.59,2
192,0.0583797,7.95599,8.01437,15,10,25,5931,10.7051,11.6952,22.4003,5218.01,2
193,0.0604071,5.84483,5.90524,35,14,49,5970,10.3388,6.94069,17.2795,5312.33,2
194,0.0599338,6.90368,6.96362,9,9,18,5983,12.5424,10.9701,23.5126,5343.81,2
195,0.0340801,0.848806,0.882886,0,0,0,5983,10.3502,1.80E-07,10.3503,5389.99,3
196,0.034014,0.850658,0.884672,0,0,0,5983,10.6666,1.33E-07,10.6666,5436.49,4
197,0.0587481,5.44221,5.50095,27,11,38,6013,10.7683,7.98926,18.7576,5512.96,4
198,0.0584076,8.03874,8.09715,11,7,18,6027,12.2627,11.4005,23.6632,5545.72,4
199,0.0590428,5.04605,5.10509,13,7,20,6042,11.657,10.3996,22.0566,5573.89,4
200,0.0592516,7.85376,7.91301,12,8,20,6056,11.8874,11.0473,22.9348,5762.43,4
201,0.0593383,9.03189,9.09123,27,17,44,6094,9.60256,8.8947,18.4973,5791.02,4
202,0.0588639,9.18605,9.24491,16,7,23,6113,12.0285,10.0844,22.1129,5823.39,4
203,0.0601274,9.37622,9.43635,35,24,59,6159,9.59966,7.54833,17.148,5850.97,4
204,0.0596518,4.41526,4.47491,12,5,17,6174,11.76,10.8967,22.6567,5879.11,4
205,0.0576097,4.96161,5.01922,33,19,52,6216,10.4418,7.28068,17.7225,5902.86,4
206,0.0574449,5.82464,5.88208,7,8,15,6226,12.6161,11.3499,23.966,5933.71,4
207,0.0609874,6.0944,6.15539,44,25,69,6277,9.28482,6.25477,15.5396,5956.41,4
208,0.0590793,2.4574,2.51648,16,1,17,6293,11.1021,11.0209,22.123,5982.05,4
209,0.0598186,7.0568,7.11662,37,21,58,6342,10.4509,6.67589,17.1268,6007.3,4
210,0.0583907,5.36613,5.42452,19,5,24,6361,11.4538,9.98052,21.4344,6035.16,4
211,0.0589004,4.00591,4.06481,33,19,52,6399,9.79277,8.45634,18.2491,6058.48,4
212,0.0607389,6.24522,6.30596,17,8,25,6419,12.1211,9.69745,21.8186,6087.61,4
213,0.0613143,4.26587,4.32718,40,8,48,6458,10.6216,7.70128,18.3229,6111.27,4
214,0.0622317,7.70352,7.76576,19,9,28,6483,11.611,9.57167,21.1827,6141.22,4
215,0.0612683,8.40062,8.46189,39,28,67,6536,9.7284,9.05623,18.7846,6169.47,4
216,0.0623009,6.75008,6.81238,17,11,28,6559,12.0405,11.0657,23.1062,6200.39,4
217,0.0636998,6.67387,6.73757,38,17,55,6600,10.473,7.49724,17.9703,6226.11,4
218,0.0622662,8.92185,8.98412,18,4,22,6618,11.1932,11.1724,22.3655,6258.46,4
219,0.0615534,8.19344,8.25499,34,17,51,6659,10.2851,7.06969,17.3549,6285.07,4
220,0.0633492,3.76054,3.82389,14,3,17,6672,11.6399,10.9592,22.5991,6312.5,4
221,0.0638491,5.04786,5.11171,29,17,46,6709,10.003,7.50582,17.5088,6336.13,4
222,0.0617076,5.84722,5.90893,19,12,31,6732,11.275,10.3428,21.6178,6364.66,4
223,0.0645336,7.88339,7.94792,37,29,66,6781,9.57646,6.22306,15.7995,6389.41,4
224,0.064731,6.32774,6.39247,18,6,24,6801,12.1388,9.59079,21.7296,6418.54,4
225,0.0628196,4.31784,4.38066,33,16,49,6837,9.82255,8.51581,18.3384,6442.26,4
226,0.0620228,7.12623,7.18825,15,7,22,6857,12.0821,10.0413,22.1234,6472.58,4
227,0.0631794,3.94463,4.00781,30,12,42,6894,9.93954,9.03431,18.9739,6496.56,4
228,0.0638811,8.64376,8.70765,14,17,31,6916,11.0805,11.693,22.7736,6529.05,4
229,0.0626377,6.67683,6.73947,30,16,46,6952,9.43913,8.05658,17.4957,6554.29,4
230,0.0624249,8.26108,8.32351,9,4,13,6962,12.3995,11.7702,24.1697,6587.79,4
231,0.065025,4.49809,4.56312,23,9,32,6989,11.1074,8.78343,19.8909,6613.24,4
232,0.0643496,3.24093,3.30528,14,2,16,7003,11.9285,11.0781,23.0066,6640.56,4
233,0.0644465,6.67346,6.7379,27,10,37,7034,10.2834,8.34719,18.6306,6666.93,4
234,0.0672098,5.58696,5.65417,10,11,21,7051,12.1041,11.045,23.1491,6696.74,4
235,0.0646221,6.13077,6.1954,30,17,47,7090,9.4112,7.87441,17.2856,6721.23,4
236,0.0666094,6.45163,6.51824,11,4,15,7102,12.27,11.3712,23.6412,6752.39,4
237,0.0659646,4.96308,5.02904,26,14,40,7136,10.7488,8.0489,18.7977,6777.22,4
238,0.0671897,8.48441,8.5516,20,4,24,7155,11.4046,10.3976,21.8023,6808.58,4
239,0.0656899,7.08317,7.14886,29,22,51,7196,10.1065,8.44115,18.5477,6835.28,4
240,0.0682915,8.01145,8.07974,18,9,27,7212,11.5439,10.8969,22.4408,6866.81,4
241,0.0670307,8.09688,8.16391,44,33,77,7269,9.8951,6.91431,16.8094,6892.78,4
242,0.0666101,8.17351,8.24012,18,11,29,7291,10.797,10.939,21.7361,6923.76,4
243,0.0665332,1.67198,1.73851,44,4,48,7328,10.1073,8.90806,19.0154,6945.52,4
244,0.0677405,3.71233,3.78007,17,10,27,7345,11.7598,10.3159,22.0758,6972.38,4
245,0.067378,2.85598,2.92336,33,11,44,7380,8.80665,8.62064,17.4273,6993.74,4
246,0.0685446,5.13057,5.19912,16,5,21,7393,11.9998,11.1459,23.1457,7023.09,4
247,0.0675011,6.99068,7.05818,33,24,57,7436,9.6214,8.00129,17.6227,7048.77,4
248,0.0695929,8.62039,8.68998,17,11,28,7456,11.1217,11.6024,22.7241,7081.19,4
249,0.0681968,3.18232,3.25051,35,7,42,7485,10.1279,8.07833,18.2062,7103.65,4
250,0.0689661,3.34883,3.4178,18,6,24,7503,11.242,10.6699,21.9119,7129.99,4
251,0.0667979,6.58808,6.65488,34,22,56,7546,9.64397,7.4822,17.1262,7154.77,4
252,0.0705574,9.65713,9.72769,14,16,30,7570,11.6374,10.818,22.4554,7187.96,4
253,0.0683672,2.86904,2.93741,43,8,51,7609,10.075,7.83982,17.9148,7209.82,4
254,0.0701287,8.11926,8.18939,15,14,29,7628,12.2652,10.5848,22.85,7241.86,4
255,0.0707859,5.05156,5.12234,32,19,51,7667,8.82988,7.9613,16.7912,7264.78,4
256,0.0690523,8.68681,8.75587,15,7,22,7681,12.0973,11.4502,23.5475,7298.09,4
257,0.0724602,1.8037,1.87616,34,11,45,7717,9.53946,7.72118,17.2607,7318.23,4
258,0.069113,4.07636,4.14548,13,9,22,7736,12.437,10.0138,22.4508,7345.83,4
259,0.0709341,2.70893,2.77987,32,6,38,7761,9.94862,9.60797,19.5566,7369.17,4
260,0.0716605,7.15676,7.22842,11,7,18,7775,11.6169,11.5835,23.2004,7400.6,4
261,0.071467,3.67033,3.74179,33,11,44,7808,10.5706,7.98939,18.56,7423.91,4
262,0.071624,4.57298,4.6446,7,7,14,7819,12.6293,10.9339,23.5632,7453.12,4
263,0.0727078,7.06167,7.13437,17,9,26,7841,10.5965,9.64403,20.2405,7481.5,4
264,0.0730293,7.06183,7.13485,12,3,15,7851,12.2559,11.4687,23.7246,7513.37,4
265,0.0723622,6.24651,6.31888,22,12,34,7877,11.4238,8.67054,20.0944,7540.78,4
266,0.0716284,5.60784,5.67947,12,6,18,7891,12.0852,10.7504,22.8356,7570.3,4
267,0.0716093,4.40193,4.47354,32,13,45,7922,10.6281,7.55236,18.1805,7593.96,4
268,0.0741082,7.30908,7.38319,11,12,23,7941,11.7554,10.603,22.3584,7624.71,4
269,0.0713252,5.29221,5.36354,33,11,44,7968,10.9685,8.2206,19.1891,7650.26,4
270,0.0720568,10.1344,10.2065,15,12,27,7986,11.7669,10.346,22.1129,7683.59,4
271,0.072692,4.73154,4.80423,34,15,49,8017,10.3448,7.71024,18.055,7707.45,4
272,0.0732594,7.36308,7.43634,14,12,26,8035,11.906,11.3405,23.2465,7739.14,4
273,0.073414,3.431,3.50441,26,14,40,8067,9.24956,9.2372,18.4868,7762.14,4
274,0.072726,7.00228,7.075,12,15,27,8084,11.7712,10.8137,22.5849,7792.8,4
275,0.0742441,4.64655,4.72079,33,15,48,8120,10.1192,7.01762,17.1369,7815.66,4
276,0.0749461,5.60615,5.68109,11,10,21,8135,12.4191,9.92963,22.3487,7844.7,4
277,0.0736365,6.17184,6.24548,34,24,58,8181,8.92528,7.30014,16.2254,7868.17,4
278,0.0743761,9.83796,9.91233,12,14,26,8203,11.6949,10.7029,22.3978,7901.49,4
279,0.0743437,6.13257,6.20691,31,20,51,8238,9.62889,8.78802,18.4169,7927.11,4
280,0.0761126,4.41905,4.49516,13,7,20,8252,12.2754,10.9128,23.1882,7955.8,4
281,0.075174,6.2137,6.28887,35,29,64,8298,10.4446,7.54578,17.9904,7981.09,4
282,0.0760782,8.98662,9.0627,18,8,26,8317,11.6868,11.2462,22.933,8014.09,4
283,0.0769408,5.33306,5.41,40,16,56,8354,8.93642,7.92372,16.8602,8037.36,4
284,0.0772248,8.90123,8.97846,19,14,33,8374,12.2116,10.6167,22.8283,8070.17,4
285,0.0752476,5.48205,5.5573,31,20,51,8412,10.411,8.50511,18.9161,8095.65,4
286,0.0753018,5.71182,5.78712,16,6,22,8427,12.5193,9.85311,22.3724,8124.81,4
287,0.0775794,6.52071,6.59829,47,25,72,8472,8.78189,7.73467,16.5166,8148.93,4
288,0.0776258,3.31856,3.39618,16,10,26,8492,11.9226,9.90036,21.823,8175.16,4
289,0.077867,5.95913,6.037,29,21,50,8526,11.0548,8.02341,19.0782,8201.28,4
290,0.078272,2.45292,2.5312,21,4,25,8542,11.2505,10.6413,21.8918,8226.7,4
291,0.076587,6.40729,6.48388,29,13,42,8566,10.7845,8.99573,19.7802,8253.97,4
292,0.0787996,8.53027,8.60907,17,8,25,8584,11.6675,10.8499,22.5174,8286.1,4
293,0.0774184,7.80981,7.88723,22,20,42,8619,10.1734,8.86667,19.0401,8314.04,4
294,0.0778506,2.61522,2.69307,12,3,15,8630,12.3143,11.0902,23.4046,8341.14,4
295,0.0795578,5.12593,5.20549,15,6,21,8646,11.8221,9.8264,21.6485,8369,4
296,0.0779804,8.46266,8.54065,12,8,20,8658,12.6363,10.6334,23.2697,8401.81,4
297,0.078623,2.85444,2.93306,30,7,37,8683,11.5872,8.35146,19.9387,8425.69,4
298,0.0793845,6.32276,6.40214,15,13,28,8702,11.8379,10.4374,22.2753,8455.37,4
299,0.0805439,7.70742,7.78796,27,20,47,8737,10.9847,7.27787,18.2626,8482.43,4
300,0.0778464,6.24877,6.32662,12,8,20,8751,12.7473,10.7685,23.5158,8513.27,4
301,0.0797445,6.82454,6.90428,27,22,49,8786,9.80487,8.55202,18.3569,8539.54,4
302,0.0814368,7.66603,7.74746,12,13,25,8802,12.0522,11.2587,23.3109,8571.6,4
303,0.079019,6.04174,6.12075,29,21,50,8837,9.92279,8.21986,18.1427,8596.87,4
304,0.0825344,4.31398,4.39651,18,7,25,8849,11.8619,11.0877,22.9497,8625.22,4
305,0.0805538,5.4818,5.56235,36,21,57,8890,9.57732,7.3661,16.9434,8648.73,4
306,0.0813852,5.17693,5.25832,15,11,26,8907,11.9034,10.8655,22.7689,8677.76,4
307,0.0821773,2.40933,2.4915,36,11,47,8937,10.3571,8.82342,19.1805,8700.44,4
308,0.0815053,4.46316,4.54467,14,1,15,8945,12.3268,11.3982,23.7251,8729.71,4
309,0.0843864,5.40553,5.48992,38,19,57,8992,8.91236,7.38334,16.2957,8752.5,4
310,0.0828311,6.03796,6.12079,18,9,27,9010,12.3897,9.71574,22.1055,8781.73,4
311,0.0809303,4.70132,4.78225,47,15,62,9047,10.9034,6.59617,17.4995,8805.02,4
312,0.0817162,6.19455,6.27627,13,11,24,9063,11.5341,11.2982,22.8324,8835.13,4
313,0.0814187,5.48166,5.56308,30,29,59,9103,9.89672,8.00875,17.9055,8859.61,4
314,0.0844278,6.454,6.53843,15,10,25,9120,12.53,10.621,23.1511,8890.3,4
315,0.0823883,7.63725,7.71963,38,24,62,9164,9.23417,7.65559,16.8898,8915.91,4
316,0.0841502,7.30756,7.39171,9,17,26,9179,12.3719,10.6124,22.9843,8947.29,4
317,0.0820454,4.54291,4.62496,33,24,57,9218,9.56802,6.90393,16.472,8969.4,4
318,0.0836624,7.46726,7.55092,13,17,30,9237,12.3514,10.7771,23.1284,9001.08,4
319,0.0842957,6.11609,6.20039,36,21,57,9279,9.69349,7.68847,17.382,9025.67,4
320,0.0854097,2.47844,2.56385,18,1,19,9296,11.7875,10.1114,21.899,9051.13,4
321,0.0859061,5.40138,5.48729,33,16,49,9331,10.4748,6.77021,17.245,9074.87,4
322,0.084532,5.89307,5.9776,14,4,18,9345,12.2501,11.3804,23.6306,9105.48,4
323,0.0841319,4.41662,4.50075,25,11,36,9372,10.7923,9.35165,20.144,9131.13,4
324,0.0819055,3.16733,3.24924,17,3,20,9385,12.2176,10.7243,22.942,9158.33,4
325,0.0842926,4.96784,5.05214,37,10,47,9418,11.0773,7.25213,18.3295,9182.71,4
326,0.0860881,6.75124,6.83733,3,10,13,9428,12.8677,11.7762,24.6439,9215.2,4
327,0.0853358,7.24949,7.33483,14,4,18,9442,11.8066,10.1368,21.9435,9245.48,4
328,0.0869382,7.15048,7.23742,8,9,17,9455,12.139,11.7254,23.8644,9277.59,4
329,0.0835072,4.9697,5.05321,35,10,45,9485,11.1593,7.70484,18.8642,9302.51,4
330,0.0867206,8.11054,8.19726,17,11,28,9501,11.9355,10.6464,22.5819,9334.29,4
331,0.0872138,3.35751,3.44472,34,11,45,9532,9.94255,8.91847,18.861,9357.6,4
332,0.0862015,4.65573,4.74193,14,13,27,9546,12.0421,11.523,23.5651,9386.92,4
333,0.0858385,7.12618,7.21202,37,23,60,9588,9.49043,9.37056,18.861,9413.99,4
334,0.0889844,8.01093,8.09992,19,3,22,9604,11.9349,10.0377,21.9726,9445.07,4
335,0.0886397,4.01913,4.10777,44,17,61,9649,8.69004,6.91069,15.6007,9465.78,4
336,0.08713,6.29502,6.38215,23,8,31,9670,12.0453,10.733,22.7783,9495.95,4
337,0.0874554,4.24018,4.32764,28,19,47,9708,9.97126,7.74734,17.7186,9519,4
338,0.0873873,5.84544,5.93283,18,4,22,9725,11.5271,10.5147,22.0418,9547.98,4
339,0.0885425,9.83062,9.91916,39,33,72,9775,9.39488,7.16434,16.5592,9575.46,4
340,0.0894852,3.03345,3.12294,10,7,17,9785,12.9605,10.8797,23.8402,9603.43,4
341,0.0901129,7.24529,7.3354,35,21,56,9822,9.70811,8.31436,18.0225,9629.79,4
342,0.0853217,4.0627,4.14802,13,9,22,9837,12.2478,11.0526,23.3004,9658.24,4
343,0.0879537,5.22848,5.31643,30,17,47,9870,10.9162,6.53544,17.4516,9682.02,4
344,0.0883713,4.96685,5.05522,20,4,24,9889,11.7731,10.6015,22.3747,9710.45,4
345,0.0881415,5.50324,5.59138,37,19,56,9925,10.7203,7.15923,17.8795,9734.93,4
346,0.0885264,3.78976,3.87829,10,8,18,9936,12.2363,10.8041,23.0404,9762.85,4
347,0.0907924,4.0185,4.10929,37,15,52,9974,10.4226,8.04059,18.4632,9786.43,4
348,0.0902576,3.56118,3.65144,13,9,22,9989,11.9785,10.7113,22.6899,9813.77,4
349,0.0897831,4.10563,4.19541,40,19,59,10028,9.97134,7.45599,17.4273,9836.4,4
350,0.0888993,5.04104,5.12994,19,5,24,10043,12.4494,10.4636,22.913,9865.45,4
351,0.0904997,5.37792,5.46842,30,15,45,10079,10.6071,7.30516,17.9123,9889.83,4
352,0.0893236,7.62699,7.71631,16,13,29,10095,11.9412,11.1295,23.0706,9921.62,4
353,0.0906676,4.69876,4.78943,44,15,59,10128,10.3947,8.05253,18.4473,9945.87,4
354,0.0927882,7.54649,7.63928,16,13,29,10151,11.0235,11.4081,22.4316,9976.94,4
355,0.0892625,2.79416,2.88342,29,7,36,10174,11.2098,9.43029,20.6402,10001.5,4
356,0.0901054,3.28092,3.37103,16,5,21,10189,12.1915,11.0652,23.2567,10029.1,4
357,0.0922802,5.72304,5.81532,27,17,44,10218,10.3818,9.16296,19.5448,10055.5,4
358,0.0925688,5.48009,5.57265,7,13,20,10230,12.3682,10.6431,23.0114,10085.1,4
359,0.0918891,6.68086,6.77275,19,9,28,10246,11.6828,10.8002,22.483,10115.3,4
360,0.0919089,6.6018,6.6937,8,6,14,10254,12.8645,11.6352,24.4997,10147.5,4
361,0.0898547,2.47683,2.56668,29,12,41,10278,10.5185,10.2983,20.8168,10171.9,4
362,0.0931369,3.1078,3.20094,11,7,18,10287,11.9988,11.5838,23.5826,10199.7,4
363,0.0922158,6.27769,6.3699,35,27,62,10327,9.92986,8.79017,18.72,10225.8,4
364,0.0939182,6.11672,6.21064,11,11,22,10338,12.5591,11.146,23.7052,10256.7,4
365,0.0940845,4.0734,4.16749,37,9,46,10365,10.0647,8.72973,18.7945,10280.7,4
366,0.0949259,8.21947,8.31439,10,13,23,10377,12.7465,11.6237,24.3702,10314.4,4
367,0.0943646,5.13212,5.22649,38,18,56,10411,10.1109,7.64972,17.7606,10338.4,4
368,0.0949518,6.09739,6.19234,15,15,30,10429,12.2583,10.0981,22.3565,10367.9,4
369,0.0950793,4.07454,4.16962,38,12,50,10461,9.78624,8.01738,17.8036,10390.9,4
370,0.0972434,2.94479,3.04203,15,4,19,10471,12.2177,11.4178,23.6355,10418.6,4
371,0.095857,7.79384,7.88969,37,24,61,10505,9.77833,8.65657,18.4349,10445.9,4
372,0.0968959,5.3663,5.4632,15,7,22,10523,11.618,10.6097,22.2277,10474.6,4
373,0.0949709,4.65489,4.74986,38,20,58,10558,9.96403,7.81507,17.7791,10498.1,4
374,0.0950167,6.24585,6.34087,17,11,28,10578,12.269,9.94294,22.212,10527.7,4
375,0.0962097,4.88717,4.98338,39,18,57,10618,10.9299,6.98957,17.9195,10551.6,4
376,0.0961966,7.46732,7.56352,14,12,26,10637,11.7661,10.7449,22.511,10582.7,4
377,0.0984369,3.1055,3.20393,38,12,50,10672,11.1217,6.70854,17.8303,10604.7,4
378,0.0967025,6.02166,6.11837,18,13,31,10692,11.6187,9.92663,21.5453,10633.4,4
379,0.0968051,6.20843,6.30523,36,25,61,10735,9.4964,8.62352,18.1199,10658.8,4
380,0.0989768,6.4487,6.54767,12,9,21,10752,12.6662,10.7275,23.3937,10689.7,4
381,0.0975348,6.54587,6.6434,35,23,58,10793,10.2349,7.00719,17.2421,10714.6,4
382,0.0978892,3.74895,3.84684,10,12,22,10810,12.562,10.1779,22.7398,10742.2,4
383,0.0967386,7.02892,7.12566,36,22,58,10849,9.80485,8.0379,17.8428,10768.2,4
384,0.0999331,2.13738,2.23732,14,2,16,10858,12.2483,12.1486,24.3969,10795.8,4
385,0.0995739,6.47017,6.56974,35,15,50,10889,11.1368,8.02497,19.1618,10822.6,4
386,0.0986922,6.71861,6.81731,13,12,25,10907,11.8887,9.99563,21.8843,10852.3,4
387,0.0980226,4.0628,4.16082,36,19,55,10939,10.2471,9.69777,19.9448,10877.4,4
388,0.0985885,3.16054,3.25913,15,6,21,10955,11.9409,10.0942,22.0351,10903.7,4
389,0.0971127,3.07802,3.17514,34,12,46,10984,10.5674,8.64461,19.212,10927.1,4
390,0.0973959,1.67592,1.77332,14,2,16,10997,12.0876,10.9254,23.013,10952.9,4
391,0.100957,3.48026,3.58122,25,8,33,11015,10.2678,11.3983,21.6661,10979.1,4
392,0.100861,7.70355,7.80441,11,7,18,11024,12.4289,11.4065,23.8354,11011.8,4
393,0.101907,6.83357,6.93547,28,17,45,11053,10.6134,8.37451,18.988,11038.7,4
394,0.101305,7.63631,7.73761,16,7,23,11066,11.9348,11.0923,23.0271,11070.5,4
395,0.101305,8.18221,8.28352,41,31,72,11112,9.73572,7.27002,17.0058,11096.8,4
396,0.102231,6.59477,6.69701,17,12,29,11132,12.4455,10.5385,22.984,11127.4,4
397,0.100942,6.52512,6.62606,28,22,50,11172,9.98655,8.39472,18.3813,11153.5,4
398,0.10198,7.38672,7.4887,18,15,33,11187,12.2402,11.4106,23.6508,11185.6,4
399,0.100404,8.01209,8.11249,24,32,56,11227,9.93332,8.54473,18.4781,11213.2,4
400,0.10333,4.34115,4.44448,11,10,21,11237,12.4535,11.2207,23.6742,11242.3,4
401,0.100777,7.46749,7.56827,36,20,56,11271,10.9468,8.83068,19.7775,11270.7,4
402,0.101224,4.64905,4.75027,13,7,20,11283,12.4337,10.7542,23.1879,11299.6,4
403,0.103324,6.50428,6.6076,35,21,56,11316,11.2381,8.04874,19.2869,11326.5,4
404,0.101692,4.72269,4.82438,17,9,26,11329,11.9518,10.6962,22.648,11355,4
405,0.103774,6.97133,7.0751,39,25,64,11369,10.5853,6.87524,17.4606,11380.5,4
406,0.104376,7.89692,8.0013,16,21,37,11397,11.3053,9.8474,21.1527,11410.7,4
407,0.102156,5.17702,5.27917,31,22,53,11432,9.80413,8.56275,18.3669,11435.3,4
408,0.103258,6.74894,6.8522,11,10,21,11448,12.2001,10.4651,22.6653,11465.9,4
409,0.103109,5.81878,5.92189,35,13,48,11478,9.74924,9.54537,19.2946,11492.1,4
410,0.102303,2.6506,2.7529,15,6,21,11488,12.3319,11.5858,23.9177,11519.8,4
411,0.101887,6.36558,6.46747,39,19,58,11520,9.7659,7.69537,17.4613,11544.7,4
412,0.102895,7.94366,8.04656,19,12,31,11537,11.7201,9.98745,21.7076,11575.4,4
413,0.103439,6.58634,6.68978,38,19,57,11574,10.2432,7.00667,17.2499,11600.4,4
414,0.103081,2.96193,3.06501,11,5,16,11587,11.8561,10.7437,22.5998,11627.1,4
415,0.10551,7.15981,7.26532,32,25,57,11621,10.2307,8.01252,18.2432,11653.6,4
416,0.105311,9.37215,9.47746,19,11,30,11636,11.175,11.5711,22.7461,11686.8,4
417,0.104948,3.04216,3.14711,42,12,54,11669,8.89766,8.61355,17.5112,11708.5,4
418,0.105477,5.25711,5.36258,14,6,20,11681,12.0537,11.3643,23.418,11738.3,4
419,0.105615,7.08273,7.18834,29,22,51,11717,10.5642,6.86089,17.4251,11763.9,4
420,0.107408,2.72665,2.83406,19,3,22,11729,12.1685,10.4617,22.6302,11790.3,4
421,0.106631,3.75083,3.85747,31,9,40,11757,11.3132,7.46115,18.7743,11814,4
422,0.107507,6.89748,7.00499,10,3,13,11768,12.8793,11.1618,24.0412,11846,4
423,0.108731,7.71725,7.82598,18,11,29,11785,11.7706,10.1324,21.903,11876.8,4
424,0.107562,5.67727,5.78483,8,4,12,11795,12.2957,11.3136,23.6093,11907.2,4
425,0.107617,4.79832,4.90594,36,15,51,11826,10.9571,7.46194,18.4191,11931.5,4
426,0.107226,3.68186,3.78908,19,5,24,11839,12.2376,10.6084,22.846,11959.1,4
427,0.108351,5.5122,5.62056,31,15,46,11864,10.0071,9.67535,19.6825,11985.4,4
428,0.109101,8.35286,8.46196,12,4,16,11873,12.4825,11.6271,24.1097,12019,4
429,0.109203,3.43122,3.54042,38,6,44,11903,10.9713,7.28499,18.2563,12041.8,4
430,0.109647,6.81793,6.92758,18,1,19,11915,12.4662,11.3173,23.7835,12073.5,4
431,0.1094,5.30147,5.41087,32,17,49,11948,10.6547,8.19648,18.8512,12098.8,4
432,0.110988,6.24984,6.36082,12,8,20,11964,12.3179,10.5914,22.9093,12129.1,4
433,0.108748,4.56992,4.67867,42,18,60,11999,10.1362,7.03989,17.1761,12151.9,4
434,0.109768,9.56846,9.67823,15,15,30,12020,11.284,11.0532,22.3373,12184.9,4
435,0.109831,5.76419,5.87402,37,11,48,12050,9.80479,8.16306,17.9679,12209.8,4
436,0.108778,7.24606,7.35484,15,12,27,12067,12.4266,10.1335,22.5601,12240.7,4
437,0.108586,8.09746,8.20605,31,43,74,12109,10.3913,7.31404,17.7054,12267.6,4
438,0.1067,7.94078,8.04748,11,13,24,12121,12.5394,11.445,23.9844,12300.7,4
439,0.111459,4.86704,4.9785,35,15,50,12153,9.94654,7.75678,17.7033,12324.4,4
440,0.110492,6.27629,6.38678,11,11,22,12165,12.7112,10.9696,23.6809,12355.4,4
441,0.107743,9.45664,9.56438,33,34,67,12206,10.0276,8.79231,18.8199,12384.8,4
442,0.10994,5.63528,5.74522,15,7,22,12221,12.5464,9.50237,22.0488,12413.6,4
443,0.109967,7.47074,7.5807,44,24,68,12270,8.90888,7.44929,16.3582,12438.6,4
444,0.111522,6.73732,6.84884,13,9,22,12283,12.412,11.1479,23.5599,12470,4
445,0.110776,5.36198,5.47276,37,17,54,12317,10.2773,8.34392,18.6212,12495.1,4
446,0.11345,6.33969,6.45314,16,8,24,12335,11.961,10.0997,22.0607,12524.6,4
447,0.111445,7.96916,8.08061,37,34,71,12372,9.87885,8.13761,18.0165,12551.7,4
448,0.111864,9.58401,9.69588,16,7,23,12385,12.086,11.2486,23.3346,12585.7,4
449,0.115106,7.62788,7.74299,31,35,66,12425,10.2607,8.43325,18.694,12613.2,4
450,0.112846,8.75754,8.87039,13,10,23,12436,12.5519,11.1489,23.7008,12646.7,4
451,0.114663,4.79561,4.91027,30,11,41,12459,10.2895,9.89634,20.1858,12672.8,4
452,0.113807,5.96136,6.07517,7,9,16,12470,12.8694,10.6436,23.513,12703.4,4
453,0.113034,5.48143,5.59446,37,15,52,12502,10.2469,8.19668,18.4436,12728.5,4
454,0.113803,6.70296,6.81676,8,10,18,12513,12.0418,11.5264,23.5682,12759.9,4
455,0.114158,6.15555,6.26971,14,12,26,12528,12.2442,10.5782,22.8224,12790,4
456,0.114323,9.05124,9.16557,10,5,15,12537,12.1922,12.3887,24.5809,12824.7,4
457,0.114767,5.67186,5.78663,35,10,45,12561,10.9189,8.34501,19.264,12850.8,4
458,0.113151,8.92142,9.03457,16,20,36,12582,11.5458,12.4231,23.9689,12884.8,4
459,0.114791,7.38763,7.50242,45,23,68,12620,10.7675,7.37283,18.1403,12911.4,4
460,0.116176,9.10548,9.22166,18,6,24,12637,12.0751,10.3451,22.4202,12944.1,4
461,0.114702,7.46874,7.58344,37,17,54,12671,9.93748,8.66381,18.6013,12971.3,4
462,0.117065,8.75971,8.87677,15,16,31,12689,11.54,11.3048,22.8448,13004,4
463,0.115776,4.79752,4.9133,32,25,57,12723,11.1277,7.45129,18.579,13028.5,4
464,0.114701,6.09087,6.20558,17,12,29,12738,12.2718,10.512,22.7839,13058.5,4
465,0.116605,7.62539,7.74199,33,37,70,12778,9.81503,8.3096,18.1246,13085.3,4
466,0.117747,7.63319,7.75094,21,10,31,12796,11.8969,10.3312,22.2281,13116.3,4
467,0.119039,8.68347,8.80251,40,26,66,12834,10.0501,8.4952,18.5453,13144.7,4
468,0.118773,5.04472,5.16349,13,6,19,12845,11.6256,11.2703,22.8959,13173.7,4
469,0.118257,6.89562,7.01388,27,37,64,12888,9.43225,8.48065,17.9129,13199.7,4
470,0.116722,8.36608,8.48281,18,17,35,12904,11.4469,12.2237,23.6706,13232.8,4
471,0.118928,9.58397,9.7029,34,38,72,12934,10.7345,9.96088,20.6954,13264.2,4
472,0.119334,7.39276,7.51209,12,15,27,12944,12.9437,10.6069,23.5506,13296.3,4
473,0.118577,5.68395,5.80253,43,20,63,12983,8.97004,8.19342,17.1635,13320.3,4
474,0.11877,6.97479,7.09356,20,9,29,12997,12.814,10.5145,23.3285,13351.7,4
475,0.119445,8.18705,8.30649,48,20,68,13031,10.6453,7.17448,17.8198,13378.8,4
476,0.118773,6.65965,6.77842,18,7,25,13049,12.141,10.3506,22.4916,13409.1,4
477,0.119438,7.55414,7.67358,38,35,73,13098,8.89549,7.83618,16.7317,13434.5,4
478,0.118607,9.22098,9.33959,20,13,33,13113,12.214,11.6742,23.8882,13468.7,4
479,0.118155,7.00985,7.12801,38,22,60,13140,10.5688,8.84268,19.4115,13496.3,4
480,0.121567,5.97589,6.09746,15,8,23,13155,11.6912,10.8651,22.5563,13526,4
481,0.117307,6.52407,6.64138,38,22,60,13190,9.91291,9.0978,19.0107,13552.6,4
482,0.117897,7.22987,7.34776,16,2,18,13206,12.0212,9.82507,21.8463,13582.8,4
483,0.120191,3.19904,3.31923,37,7,44,13231,10.2159,9.28012,19.496,13606.6,4
484,0.120486,6.52091,6.64139,13,10,23,13243,12.4283,11.1843,23.6126,13637.9,4
485,0.118607,6.41034,6.52895,36,20,56,13275,9.93109,8.01765,17.9488,13663.4,4
486,0.12146,5.9504,6.07186,11,5,16,13284,12.7923,11.3593,24.1516,13694.6,4
487,0.121533,5.13042,5.25195,16,9,25,13300,11.9616,10.6413,22.6029,13723.5,4
488,0.120156,6.52372,6.64388,12,7,19,13311,12.5312,11.7122,24.2434,13755.3,4
489,0.122784,5.04811,5.1709,25,21,46,13335,10.3157,10.5618,20.8775,13782.4,4
490,0.12044,7.65211,7.77256,12,7,19,13350,11.9346,11.4628,23.3974,13814.6,4
491,0.12272,9.25941,9.38213,31,28,59,13390,10.0037,8.49758,18.5013,13843.5,4
492,0.123499,5.3626,5.4861,15,7,22,13402,11.9102,12.241,24.1512,13874.1,4
493,0.122582,5.20701,5.32959,31,17,48,13432,10.8214,8.56907,19.3905,13899.8,4
494,0.123206,8.40264,8.52584,19,15,34,13448,11.7039,11.533,23.237,13932.6,4
495,0.123648,3.78925,3.9129,29,17,46,13475,10.4213,9.15863,19.5799,13957.1,4
496,0.121507,4.14276,4.26427,10,11,21,13483,12.6856,12.0401,24.7257,13987.1,4
497,0.121769,6.83405,6.95582,27,22,49,13514,10.8821,9.10993,19.9921,14015,4
498,0.122121,8.27148,8.39361,17,10,27,13529,12.2139,10.6009,22.8148,14047.3,4
499,0.123377,5.02102,5.1444,35,25,60,13564,10.0539,7.86802,17.9219,14071.3,4
500,0.123896,6.45488,6.57877,12,16,28,13577,12.7327,11.0005,23.7332,14102.6,4
501,0.12414,7.54046,7.6646,45,21,66,13613,10.0528,7.32876,17.3816,14128.7,4
502,0.12588,9.09673,9.22261,20,7,27,13622,12.1086,11.4122,23.5208,14162.4,4
503,0.125819,5.5653,5.69112,38,19,57,13647,11.3846,9.0486,20.4332,14189.6,4
504,0.124763,5.64977,5.77453,16,12,28,13662,11.5525,11.1912,22.7437,14219.1,4
505,0.125582,4.18609,4.31167,41,21,62,13695,9.94525,8.68249,18.6278,14243,4
506,0.126207,7.63259,7.7588,18,13,31,13713,12.376,10.8196,23.1956,14275,4
507,0.124701,8.48202,8.60672,54,19,73,13763,9.04677,7.09854,16.1453,14300.7,4
508,0.123633,5.26821,5.39184,15,6,21,13774,12.248,11.0107,23.2587,14330.4,4
509,0.123994,7.7802,7.90419,37,29,66,13808,10.56,8.92451,19.4845,14358.8,4
510,0.127342,6.67277,6.80012,13,11,24,13822,12.4027,10.8429,23.2457,14389.8,4
511,0.126777,6.59429,6.72107,37,27,64,13864,7.77224,9.38106,17.1533,14414.7,4
512,0.12653,8.88872,9.01525,15,11,26,13878,11.75,11.463,23.213,14448,4
513,0.127936,5.49834,5.62627,30,29,59,13917,11.5613,7.07158,18.6328,14473.2,4
514,0.127557,7.55296,7.68052,18,9,27,13927,12.3815,11.0854,23.4669,14505.4,4
515,0.12875,4.38415,4.5129,24,10,34,13947,12.0001,9.35842,21.3585,14532.3,4
516,0.129365,4.93425,5.06362,13,10,23,13960,12.3733,10.6224,22.9958,14561.3,4
517,0.129094,8.73386,8.86295,30,26,56,13992,11.1737,8.91635,20.0901,14591.3,4
518,0.127832,6.19816,6.32599,9,5,14,13998,12.5374,12.304,24.8415,14623.4,4
519,0.127632,7.30948,7.43711,16,10,26,14016,12.0337,9.32078,21.3545,14653.2,4
520,0.128309,9.36541,9.49372,10,9,19,14027,11.9838,11.9193,23.9032,14687.6,4
521,0.129558,5.40908,5.53863,31,9,40,14046,10.9015,10.7054,21.6069,14715.8,4
522,0.127495,7.22879,7.35628,14,9,23,14059,12.2573,11.2599,23.5173,14747.7,4
523,0.129848,5.02399,5.15384,34,18,52,14093,10.595,7.40904,18.0041,14771.8,4
524,0.128087,6.45022,6.57831,34,23,57,14124,10.5589,7.85631,18.4152,14797.8,4
525,0.129725,7.54818,7.6779,23,16,39,14143,11.8794,10.2597,22.1391,14828.7,4
526,0.127848,9.36854,9.49639,48,32,80,14186,10.6653,7.63341,18.2987,14857.5,4
527,0.130268,5.10017,5.23044,16,7,23,14195,12.5504,11.0268,23.5773,14887.3,4
528,0.128304,8.26268,8.39099,36,38,74,14232,10.863,7.47682,18.3399,14915,4
529,0.130989,10.0012,10.1322,16,18,34,14251,12.0019,11.5407,23.5426,14949.7,4
530,0.131628,8.01127,8.1429,36,31,67,14291,10.4561,9.57705,20.0332,14978.9,4
531,0.132834,5.34232,5.47515,17,4,21,14300,11.9549,11.695,23.6498,15009,4
532,0.130922,5.26818,5.3991,47,16,63,14334,10.2708,8.05268,18.3235,15033.7,4
533,0.132082,5.75643,5.88851,17,16,33,14352,12.0545,10.7131,22.7676,15063.4,4
534,0.132178,6.29496,6.42714,37,28,65,14385,10.5852,8.38201,18.9673,15089.8,4
535,0.133738,5.82489,5.95863,12,9,21,14399,11.9554,10.7087,22.6641,15119.4,4
536,0.133693,6.38183,6.51553,36,20,56,14430,9.55793,8.91611,18.4741,15145.4,4
537,0.132157,7.08327,7.21543,22,8,30,14440,12.394,10.9747,23.3687,15177,4
538,0.132256,5.56561,5.69786,39,21,60,14482,10.4211,6.89819,17.3193,15201,4
539,0.134079,7.46914,7.60322,17,13,30,14497,11.5389,11.602,23.1409,15232.8,4
540,0.133119,8.74441,8.87753,38,13,51,14522,12.0452,8.26651,20.3117,15262.9,4
541,0.133575,4.96211,5.09568,14,9,23,14537,12.4264,10.9144,23.3408,15292.4,4
542,0.134924,8.55526,8.69019,19,15,34,14555,12.2079,10.0592,22.2672,15324.4,4
543,0.134997,8.96467,9.09967,12,9,21,14564,12.5959,12.0762,24.6722,15359.1,4
544,0.134203,9.59097,9.72517,27,23,50,14596,11.3779,8.46894,19.8468,15389.7,4
545,0.134656,9.26192,9.39658,17,13,30,14610,12.601,11.0384,23.6394,15423.7,4
546,0.134422,9.66099,9.79541,38,34,72,14647,11.073,8.55067,19.6237,15454.2,4
547,0.134903,9.89169,10.0266,19,13,32,14664,11.6341,10.9463,22.5804,15487.8,4
548,0.133173,4.65191,4.78508,34,13,47,14690,11.4435,8.58486,20.0284,15513.6,4
549,0.137883,4.88838,5.02627,22,8,30,14703,12.5822,10.2446,22.8268,15542.5,4
550,0.135676,5.26553,5.4012,42,21,63,14737,10.2531,8.17517,18.4283,15567.3,4
551,0.13759,5.75088,5.88847,23,15,38,14753,12.577,10.5889,23.1659,15597.3,4
552,0.136296,5.49884,5.63513,37,20,57,14778,10.6658,8.80901,19.4748,15623.5,4
553,0.136154,5.97468,6.11083,18,11,29,14793,12.0921,10.2349,22.3271,15652.9,4
554,0.138159,6.52798,6.66614,35,23,58,14820,11.083,8.13204,19.2151,15679.8,4
555,0.137826,6.594,6.73183,24,11,35,14836,12.0978,10.8577,22.9555,15710.5,4
556,0.137212,7.1479,7.28511,32,33,65,14873,10.6126,8.42266,19.0352,15737.8,4
557,0.138189,6.92541,7.0636,24,11,35,14894,11.4403,11.0644,22.5048,15768.4,4
558,0.131586,5.58133,5.71291,36,36,72,14928,10.1914,7.96493,18.1564,15793.3,4
559,0.138542,6.3814,6.51994,18,12,30,14940,12.7748,10.9205,23.6954,15824.5,4
560,0.138633,6.52831,6.66695,27,27,54,14966,11.283,8.41475,19.6977,15851.8,4
561,0.13959,6.37886,6.51845,14,7,21,14975,13.0427,10.9061,23.9489,15883.3,4
562,0.1398,6.92142,7.06122,36,30,66,15015,8.89203,9.29685,18.1889,15909.6,4
563,0.139661,7.0826,7.22227,13,14,27,15034,12.1648,10.9422,23.107,15940.9,4
564,0.137785,7.93184,8.06963,35,25,60,15068,10.9395,8.26988,19.2094,15969.2,4
565,0.135018,7.776,7.91102,23,10,33,15083,12.2739,10.7706,23.0445,16001.1,4
566,0.137771,7.70408,7.84185,41,26,67,15117,10.2646,8.41422,18.6788,16028.7,4
567,0.138465,8.47601,8.61447,19,14,33,15133,11.7805,11.0773,22.8578,16061.1,4
568,0.138834,8.40693,8.54576,26,29,55,15159,10.5597,10.1646,20.7243,16091.4,4
569,0.137933,8.99405,9.13199,18,9,27,15176,11.852,10.9013,22.7533,16124.3,4
570,0.141382,8.9021,9.04348,30,25,55,15207,11.0224,8.3077,19.3301,16153.7,4
571,0.139784,5.56474,5.70452,12,8,20,15219,12.0893,11.1374,23.2267,16183.6,4
572,0.140295,6.58701,6.7273,35,17,52,15240,11.2305,9.50998,20.7405,16212.1,4
573,0.139674,8.1867,8.32637,10,8,18,15246,12.8511,12.077,24.9281,16246.4,4
574,0.142627,9.13565,9.27828,24,15,39,15260,12.323,10.8756,23.1986,16279.8,4
575,0.140115,5.73088,5.871,10,7,17,15271,12.378,11.1665,23.5445,16310.3,4
576,0.140713,7.54783,7.68854,33,24,57,15300,12.0256,8.61454,20.6401,16339.6,4
577,0.140638,8.90147,9.04211,14,11,25,15317,11.207,11.2285,22.4355,16372.1,4
578,0.142574,9.9284,10.071,43,37,80,15358,9.82975,8.57299,18.4028,16401.6,4
579,0.143752,6.03335,6.1771,12,9,21,15365,12.8738,11.4978,24.3716,16433.1,4
580,0.143273,7.30745,7.45073,41,24,65,15394,10.2401,8.49111,18.7312,16460.3,4
581,0.141418,9.06208,9.20349,21,17,38,15415,11.1596,11.2352,22.3949,16492.9,4
582,0.142882,6.45064,6.59353,38,23,61,15444,10.231,8.79386,19.0249,16519.5,4
583,0.141937,8.15013,8.29207,19,8,27,15457,12.1231,11.2719,23.395,16552.2,4
584,0.142677,6.66355,6.80622,44,26,70,15493,9.39615,8.44093,17.8371,16577.9,4
585,0.143316,7.32157,7.46489,18,13,31,15505,12.227,10.9845,23.2115,16609.5,4
586,0.143818,8.54735,8.69117,40,28,68,15535,10.0766,9.29259,19.3692,16638.6,4
587,0.142462,4.804,4.94646,20,5,25,15549,12.5688,9.94362,22.5125,16667.1,4
588,0.1446,8.53763,8.68223,48,38,86,15598,9.71784,7.30787,17.0257,16693.8,4
589,0.144096,9.99155,10.1356,27,15,42,15616,12.2649,10.811,23.0759,16728,4
590,0.144059,6.24855,6.3926,36,24,60,15644,11.3161,8.62563,19.9417,16755.3,4
591,0.146541,7.62702,7.77356,16,11,27,15654,12.1193,11.809,23.9284,16788,4
592,0.144457,9.19272,9.33718,35,36,71,15692,10.7511,9.06608,19.8172,16818.2,4
593,0.145546,5.2901,5.43564,16,11,27,15707,11.4958,11.4789,22.9748,16847.6,4
594,0.14507,8.03683,8.1819,32,31,63,15732,10.9643,9.029,19.9933,16876.8,4
595,0.146215,9.92799,10.0742,14,15,29,15746,11.6336,11.0351,22.6688,16910.5,4
596,0.147227,5.09524,5.24247,42,22,64,15779,9.77278,8.10348,17.8763,16934.7,4
597,0.146835,6.51938,6.66621,18,17,35,15791,12.02,11.6487,23.6686,16966,4
598,0.135737,2.0427,2.17844,17,1,18,15800,13.109,8.87442,21.9835,17160.9,4
599,0.133337,1.82837,1.9617,0,0,0,15800,12.8154,1.74E-07,12.8155,17176.6,5
600,0.147243,10.0823,10.2296,18,13,31,15818,11.9738,11.5465,23.5204,17228.4,5
