,iteration, 2MiB get time, recover pysical , sum getting time, former flip, later flip, sum flip, flip in page, form time, later time, searching time, entire time,dump
0,1,0.0118637,8.89518,8.90704,31,20,51,51,9.38436,6.4149,15.7993,24.70634,0
1,2,0.0197075,2.53703,2.55674,14,7,72,72,11.2621,10.569,21.8311,49.09418,0
2,3,0.0226571,7.30696,7.32961,34,19,125,125,8.93139,6.88938,15.8208,72.24459,0
3,4,0.0209945,6.52251,6.54351,15,7,147,147,11.5271,9.98546,21.5126,100.3007,0
4,5,0.0196467,2.00424,2.02389,24,10,181,180,10.9846,7.61934,18.604,120.92859000000001,0
5,6,0.018928,6.8344,6.85333,13,9,203,202,12.0732,9.98058,22.0538,149.83572,0
6,7,0.0207809,8.0976,8.11838,13,10,226,225,11.0398,10.8072,21.8471,179.8012,0
7,8,0.0217102,7.54673,7.56844,34,16,276,275,8.70537,6.83611,15.5415,202.91114,0
8,9,0.0212346,6.67289,6.69413,11,6,287,292,11.8684,10.4708,11.868400000000001,221.47367,0
9,10,0.0224508,4.31121,4.33366,27,17,331,335,9.77553,6.40385,16.1794,241.98673,0
10,11,0.0214401,3.28111,3.30255,10,5,341,350,12.515,9.89114,12.514959999999999,257.80424,0
11,12,0.024117,3.19159,3.2157,34,7,382,390,8.90815,8.00826,16.9164,277.93634,0
12,13,0.0229024,6.60201,6.62491,17,8,407,415,11.4715,9.48546,20.957,305.51824999999997,0
13,14,0.0212197,5.36757,5.38879,41,11,459,467,8.6378,7.83979,16.4776,327.38464,0
14,15,0.0235953,6.75825,6.78185,15,2,476,483,12.208,10.2279,22.436,356.60249,0
15,16,0.0249413,7.30675,7.33169,33,18,527,533,10.5595,6.88516,17.4447,381.37888,0
16,17,0.0242346,5.75133,5.77557,20,11,558,564,11.6154,9.36784,20.9832,408.13765,0
17,18,0.0226035,5.12511,5.14772,37,14,609,613,9.59083,6.47928,16.0701,429.35547,0
18,19,0.0227989,6.21264,6.23544,11,6,620,630,12.2975,9.96959,12.297509999999999,447.88842,0
19,20,0.0226194,7.38238,7.405,24,26,670,679,10.2596,6.73545,16.9951,472.28852,0
20,21,0.0246168,8.38758,8.4122,22,7,699,708,11.0491,9.79333,20.8424,501.54312,0
21,22,0.0240067,3.58731,3.61132,29,14,742,749,10.7607,6.95108,17.7118,522.86624,0
22,23,0.0227405,9.04123,9.06397,10,6,752,765,12.4562,10.9019,12.4562,544.38641,0
23,24,0.0222905,6.7092,6.73149,37,24,813,826,8.42686,7.07041,15.4973,566.6152,0
24,25,0.0258317,7.1535,7.17933,16,6,835,847,11.72,10.0073,21.7273,595.5218299999999,0
25,26,0.025886,4.57753,4.60341,35,15,885,896,9.24697,6.8984,16.1454,616.27064,0
26,27,0.0249402,6.29489,6.31983,7,8,892,910,12.8602,10.9371,12.8602,635.45067,0
27,28,0.0249953,4.18358,4.20858,28,20,940,957,8.49966,6.59974,15.0994,654.75865,0
28,29,0.0273451,7.22542,7.25277,14,9,963,979,11.3733,10.5338,21.9072,683.91862,0
29,30,0.027676,4.02384,4.05152,36,11,1010,1025,9.26442,7.05697,16.3214,704.29154,0
30,31,0.0272857,3.63648,3.66376,13,3,1026,1041,12.2243,10.9081,23.1324,731.0877,0
31,32,0.0261923,5.02147,5.04766,28,13,1067,1078,9.44387,7.40792,16.8518,752.98716,0
32,33,0.0253953,5.33197,5.35737,17,3,1087,1098,11.2366,9.91868,21.1553,779.49983,0
33,34,0.025994,3.35276,3.37876,22,12,1121,1131,10.3996,8.583,18.9826,801.86119,0
34,35,0.0272832,4.14812,4.17541,11,6,1132,1148,11.3595,10.3896,11.359499999999999,817.3960999999999,0
35,36,0.0273232,7.38674,7.41407,21,13,1166,1181,11.0955,8.00897,19.1045,843.9146699999999,0
36,37,0.0282219,4.62152,4.64975,7,3,1173,1191,11.7472,11.8986,11.747200000000001,860.3116199999998,0
37,38,0.0281401,7.72485,7.75299,22,22,1217,1234,9.74366,8.30543,18.0491,886.1137099999999,0
38,39,0.0293846,6.75211,6.78149,15,10,1242,1258,12.0757,9.45229,21.528,914.4231999999998,0
39,40,0.0279323,3.51732,3.54525,26,15,1283,1296,9.59388,7.59637,17.1903,935.1587499999998,0
40,41,0.0281696,4.3903,4.41847,11,6,1294,1311,12.387,10.8666,12.386999999999999,951.9642199999998,0
41,42,0.0285255,6.27879,6.30731,38,22,1354,1368,10.7159,5.08601,15.8019,974.0734299999998,0
42,43,0.0293759,3.35748,3.38686,12,8,1374,1386,12.3979,9.94987,22.3478,999.8080899999998,0
43,44,0.027765,6.05186,6.07963,33,15,1422,1429,10.4818,6.45525,16.9371,1022.8248199999998,0
44,45,0.029546,5.66933,5.69888,11,6,1433,1446,11.6051,10.853,11.605100000000002,1040.1287999999997,0
45,46,0.0300515,4.88882,4.91887,32,19,1484,1494,8.79244,7.11066,15.9031,1060.9507699999997,0
46,47,0.0313933,5.96917,6.00057,11,7,1495,1510,11.9463,10.3447,11.9463,1078.8976399999997,0
47,48,0.0316582,5.9368,5.96846,30,24,1549,1558,9.25899,8.34608,17.6051,1102.4711999999997,0
48,49,0.0294639,7.86643,7.8959,18,4,1571,1580,10.0321,10.4087,20.4408,1130.8078999999998,0
49,50,0.0321134,4.62558,4.65769,35,17,1623,1629,8.47913,7.42626,15.9054,1151.37099,0
50,51,0.0281575,3.59227,3.62043,23,3,1649,1653,12.0546,9.87775,21.9324,1176.92382,0
51,52,0.0318793,8.08878,8.12066,43,23,1715,1715,8.59828,7.04944,15.6477,1200.69218,0
52,53,0.0315807,4.69086,4.72244,15,5,1735,1735,12.537,9.57221,22.1092,1227.5238200000001,0
53,54,0.0292412,5.47667,5.50591,29,12,1776,1774,9.61327,8.05453,17.6678,1250.6975300000001,0
54,55,0.0320737,7.72048,7.75255,13,10,1799,1796,12.3689,9.92471,22.2937,1280.7437800000002,0
55,56,0.0315037,5.64894,5.68044,30,21,1850,1845,9.58459,7.37539,16.96,1303.3842200000001,0
56,57,0.0303891,7.38236,7.41275,14,8,1872,1867,10.7302,10.7865,21.5167,1332.3136700000002,0
57,58,0.0323529,8.71949,8.75184,34,18,1924,1917,9.38552,6.60889,15.9944,1357.0599100000002,0
58,59,0.0327809,8.18254,8.21532,14,11,1949,1938,11.3808,10.5744,21.9552,1387.23043,0
59,60,0.0319274,2.15911,2.19103,35,8,1992,1978,10.0642,7.01375,17.0779,1406.49936,0
60,61,0.0324126,3.74833,3.78074,11,2,2003,1991,12.2186,11.1015,12.2186,1422.4987,0
61,62,0.0319764,6.2819,6.31387,27,25,2055,2041,8.59981,8.35186,16.9517,1445.7642700000001,0
62,63,0.034248,3.99843,4.03268,11,2,2066,2051,12.446,10.7295,12.446,1462.24295,0
63,64,0.0337506,6.50623,6.53998,21,17,2104,2085,10.7924,7.48109,18.2735,1487.05643,0
64,65,0.032287,8.75667,8.78896,11,7,2115,2101,11.5627,11.1269,11.5627,1507.4080900000001,0
65,66,0.032877,4.64229,4.67516,30,15,2160,2145,9.84817,7.62919,17.4774,1529.5606500000001,0
66,67,0.0324254,6.25661,6.28903,12,4,2176,2160,12.0907,10.351,22.4418,1558.29148,0
67,68,0.0339793,8.47469,8.50867,16,14,2206,2189,10.0505,10.7346,20.7851,1587.58525,0
68,69,0.0347012,5.34261,5.37731,13,2,2221,2202,12.0527,11.1534,23.2062,1616.16876,0
69,70,0.035752,3.87452,3.91027,26,8,2255,2233,9.65394,8.05987,17.7138,1637.79283,0
70,71,0.0343153,5.44218,5.47649,13,4,2272,2249,12.2564,10.016,22.2724,1665.5417200000002,0
71,72,0.0345719,2.47192,2.50649,31,7,2310,2284,9.74624,7.99253,17.7388,1685.7870100000002,0
72,73,0.0359384,8.65828,8.69422,18,14,2342,2312,11.3678,10.2969,21.6646,1716.1458300000002,0
73,74,0.033526,4.78255,4.81607,32,12,2386,2353,9.59562,7.10227,16.6979,1737.6598000000001,0
74,75,0.0329108,5.01721,5.05012,13,4,2403,2368,12.063,10.8949,22.958,1765.66792,0
75,76,0.0354605,3.99465,4.03011,41,9,2453,2416,8.30123,7.46044,15.7617,1785.45973,0
76,77,0.0356094,7.94164,7.97725,9,10,2462,2434,11.9094,11.4266,11.909399999999998,1805.34638,0
77,78,0.0370924,7.86511,7.9022,33,35,2530,2495,8.41361,6.17311,14.5867,1827.83528,0
78,79,0.0361493,5.88584,5.92199,12,10,2552,2515,12.3867,10.8154,23.2021,1856.95937,0
79,80,0.0360288,7.08858,7.12461,34,23,2609,2569,8.39067,7.01895,15.4096,1879.49358,0
80,81,0.0363815,8.9111,8.94748,13,7,2629,2589,11.5192,10.9469,22.4662,1910.90726,0
81,82,0.0356082,4.22617,4.26178,38,11,2678,2632,9.77833,6.61266,16.391,1931.5600399999998,0
82,83,0.0382644,4.86501,4.90328,15,6,2699,2652,11.5369,10.7008,22.2377,1958.7010199999997,0
83,84,0.0366139,8.74304,8.77965,33,22,2754,2704,8.55247,6.84506,15.3976,1982.8782699999997,0
84,85,0.0384783,7.86596,7.90444,12,10,2776,2725,11.7316,10.4247,22.1564,2012.9391099999998,0
85,86,0.0382754,6.51916,6.55744,35,22,2833,2780,8.58581,7.34553,15.9314,2035.4279499999998,0
86,87,0.0360964,6.90454,6.94064,10,14,2843,2800,12.2455,10.4472,12.245499999999998,2054.6140899999996,0
87,88,0.0386808,2.25184,2.29052,28,6,2877,2830,11.017,7.65597,18.673,2075.5776099999994,0
88,89,0.040106,6.99906,7.03916,9,7,2886,2846,12.3882,9.80746,12.388139999999998,2095.004909999999,0
89,90,0.0373205,6.9179,6.95523,36,17,2939,2897,8.41711,8.03714,16.4543,2118.414439999999,0
90,91,0.039275,6.2754,6.31467,14,4,2957,2914,12.0417,10.0171,22.0589,2146.7880099999993,0
91,92,0.0378791,5.55636,5.59423,34,12,3003,2955,9.12013,7.57096,16.6911,2169.0733399999995,0
92,93,0.0373543,5.81953,5.85688,16,9,3028,2976,11.8548,10.3485,22.2033,2197.1335199999994,0
93,94,0.0391493,5.88776,5.92691,30,19,3077,3021,9.11981,7.23921,16.359,2219.4194299999995,0
94,95,0.0396951,6.61972,6.65942,15,7,3099,3041,12.6389,10.1317,22.7706,2248.8494499999993,0
95,96,0.0383612,2.97743,3.01579,25,4,3128,3066,9.54511,9.31755,18.8627,2270.7279399999993,0
96,97,0.0396808,4.39232,4.432,10,5,3138,3079,11.9484,11.177,11.9484,2287.1083399999993,0
97,98,0.042317,5.37731,5.41963,25,18,3181,3116,10.2998,8.19429,18.4941,2311.0220699999995,0
98,99,0.0410098,6.7772,6.81821,11,4,3192,3130,11.9791,10.6974,11.9792,2329.8194799999997,0
99,100,0.042042,8.27371,8.31575,13,12,3217,3153,11.8035,10.3126,22.1162,2360.25143,0
100,101,0.0414064,9.02789,9.0693,9,8,3226,3169,11.9784,12.0334,11.9783,2381.2990299999997,0
101,102,0.0406642,5.78285,5.82351,27,12,3265,3205,9.28218,8.52058,17.8028,2404.92534,0
102,103,0.0413081,8.88927,8.93058,10,14,3275,3223,12.2869,11.7178,12.2869,2426.1428199999996,0
103,104,0.0417376,5.09537,5.13711,23,9,3307,3252,11.125,8.86953,19.9946,2451.2745299999997,0
104,105,0.0419163,7.097,7.13892,10,8,3317,3269,12.1045,10.5191,12.1045,2470.5179499999995,0
105,106,0.042356,8.68096,8.72332,21,20,3358,3308,11.271,6.96852,18.2396,2497.4808699999994,0
106,107,0.0430589,7.24395,7.28701,10,15,3368,3331,11.4451,10.5851,11.4451,2516.2129799999993,0
107,108,0.0415227,8.77397,8.8155,42,33,3443,3400,7.56659,7.68333,15.2499,2540.2783799999993,0
108,109,0.0442218,4.64806,4.69228,14,9,3466,3421,11.1336,10.2644,21.398,2566.368659999999,0
109,110,0.0414557,6.60021,6.64167,32,24,3522,3471,9.11314,7.84483,16.958,2589.9683299999992,0
110,111,0.0419593,7.54484,7.5868,13,10,3545,3489,11.6869,10.5021,22.189,2619.744129999999,0
111,112,0.0424907,8.80289,8.84538,30,28,3603,3544,9.37964,7.03223,16.4119,2645.001409999999,0
112,113,0.0426006,7.00804,7.05064,13,16,3632,3567,11.8777,11.0233,22.901,2674.953049999999,0
113,114,0.0432773,5.66432,5.70759,33,24,3689,3614,9.83918,7.34445,17.1837,2697.844339999999,0
114,115,0.0419915,7.63174,7.67374,17,4,3710,3634,11.462,10.0029,21.4648,2726.982879999999,0
115,116,0.0436001,9.1861,9.2297,31,27,3768,3684,10.2338,6.7758,17.0096,2753.2221799999993,0
116,117,0.0449727,5.51932,5.56429,21,7,3796,3708,10.8272,10.4478,21.275,2780.061469999999,0
117,118,0.0447627,6.89563,6.9404,35,22,3853,3756,9.26531,7.85007,17.1154,2804.1172699999993,0
118,119,0.0432892,5.2157,5.25899,16,4,3873,3773,10.9928,10.9212,21.914,2831.2902599999993,0
119,120,0.0445968,9.58243,9.62703,33,27,3933,3827,8.08577,7.48987,15.5757,2856.4929899999993,0
120,121,0.0459097,5.94264,5.98855,13,7,3953,3846,11.9221,10.1432,22.0653,2884.546839999999,0
121,122,0.0434839,7.62348,7.66696,35,16,4004,3888,9.58222,8.01855,17.6008,2909.8145999999992,0
122,123,0.0425257,8.94019,8.98272,18,13,4035,3912,10.917,11.3974,22.3145,2941.111819999999,0
123,124,0.0431846,5.51471,5.55789,34,28,4097,3965,9.9822,6.72558,16.7078,2963.3775099999993,0
124,125,0.0447015,6.33415,6.37885,11,11,4108,3983,12.2336,11.6716,12.2337,2981.990059999999,0
125,126,0.0455291,7.46315,7.50868,35,18,4161,4020,10.5255,7.87801,18.4035,3007.902239999999,0
126,127,0.043593,5.75382,5.79741,13,7,4181,4039,12.3802,10.3923,22.7725,3036.472149999999,0
127,128,0.0458325,9.59552,9.64135,28,22,4231,4079,10.6762,7.25019,17.9264,3064.0398999999993,0
128,129,0.0457677,1.43642,1.48219,11,0,4242,4089,11.8574,11.5331,11.8574,3077.3794899999994,0
129,130,0.0484633,4.49819,4.54665,31,15,4288,4129,9.11259,7.533,16.6456,3098.5717399999994,0
130,131,0.0477201,3.35445,3.40217,12,4,4304,4143,11.9814,11.0861,23.0675,3125.0414099999994,0
131,132,0.0462209,5.22045,5.26667,10,11,4314,4164,11.8807,9.67926,11.88074,3142.1888199999994,0
132,133,0.0458476,5.88634,5.93219,8,8,4322,4178,12.5353,10.4653,12.5354,3160.6564099999996,0
133,134,0.0452532,2.48734,2.53259,28,4,4354,4202,10.5521,9.62394,20.1761,3183.3650999999995,0
134,135,0.0472447,5.88687,5.93411,14,3,4371,4215,12.3654,10.0608,22.4262,3211.7254099999996,0
135,136,0.0472981,6.45168,6.49898,35,21,4427,4262,8.57551,6.85087,15.4264,3233.6507899999997,0
136,137,0.047038,7.38643,7.43347,14,12,4453,4284,11.874,10.437,22.311,3263.39526,0
137,138,0.049028,5.5565,5.60553,31,9,4493,4318,9.92367,7.91762,17.8413,3286.8420899999996,0
138,139,0.0501466,8.49769,8.54783,14,8,4515,4336,11.6982,10.7613,22.4595,3317.8494199999996,0
139,140,0.0478563,3.79268,3.84053,38,19,4572,4389,7.91573,7.10484,15.0206,3336.7105499999993,0
140,141,0.0495234,4.73317,4.78269,12,9,4593,4404,11.3903,11.2173,22.6076,3364.100839999999,0
141,142,0.0511034,5.2728,5.3239,39,15,4647,4451,8.92517,6.55996,15.4851,3384.9098399999993,0
142,143,0.0483731,5.88849,5.93686,13,16,4676,4475,11.402,10.3973,21.7993,3412.6459999999993,0
143,144,0.0488805,5.17721,5.22609,33,21,4730,4520,10.2391,6.86936,17.1085,3434.980589999999,0
144,145,0.0497566,4.86833,4.91809,18,6,4754,4539,12.7355,9.88657,22.6221,3462.5207799999994,0
145,146,0.0411644,9.37298,9.41415,40,36,4830,4601,8.881,6.26896,15.15,3487.0849299999995,0
146,147,0.049709,4.41593,4.46564,14,7,4851,4618,11.7309,10.8947,22.6256,3514.1761699999997,0
147,148,0.0493482,8.09002,8.13937,29,21,4901,4664,9.10658,9.36838,18.475,3540.7905399999995,0
148,149,0.0510171,5.19429,5.24531,12,10,4923,4681,12.2541,10.228,22.4821,3568.5179499999995,0
149,150,0.0511626,7.50261,7.55377,43,26,4992,4733,10.5634,7.41469,17.9781,3594.0498199999993,0
150,151,0.0507692,4.9701,5.02087,15,10,5017,4754,11.9294,10.292,22.2215,3621.292189999999,0
151,152,0.0517664,5.04322,5.09499,35,25,5077,4802,10.0044,6.89309,16.8975,3643.2846799999993,0
152,153,0.052087,3.18131,3.2334,10,13,5087,4822,11.9394,10.7241,11.9394,3658.457479999999,0
153,154,0.0506499,6.50346,6.55411,30,25,5142,4869,9.84147,7.34695,17.1884,3682.199989999999,0
154,155,0.0523505,8.2715,8.32385,13,13,5168,4892,11.8037,10.4416,22.2453,3712.769139999999,0
155,156,0.0512678,5.20919,5.26046,27,20,5215,4938,9.64195,7.25715,16.8991,3734.928699999999,0
156,157,0.0510544,6.50323,6.55428,10,11,5225,4958,12.1909,10.0027,12.190999999999999,3753.673979999999,0
157,158,0.0538374,5.12624,5.18008,38,7,5270,4994,10.4028,7.61083,18.0136,3776.867659999999,0
158,159,0.0523415,6.51812,6.57046,6,9,5276,5007,12.3837,11.1064,12.383700000000001,3795.821819999999,0
159,160,0.0494944,7.1565,7.20599,32,20,5328,5054,8.71644,7.38844,16.1049,3819.1327099999994,0
160,161,0.0515005,7.38546,7.43696,12,6,5346,5067,12.2073,10.9689,23.1762,3849.7458699999993,0
161,162,0.0543636,4.78253,4.8369,32,12,5390,5100,11.0718,7.4497,18.5215,3873.1042699999994,0
162,163,0.0514001,6.60203,6.65343,12,4,5406,5115,12.8975,10.8141,23.7116,3903.4692999999993,0
163,164,0.0547277,8.26377,8.31849,15,16,5437,5142,11.5295,8.47292,20.0024,3931.7901899999993,0
164,165,0.0534548,9.37436,9.42782,4,10,5441,5154,12.6554,11.9376,12.6554,3953.8734099999992,0
165,166,0.0528366,5.321,5.37384,29,13,5483,5189,9.73287,7.75157,17.4845,3976.7317499999995,0
166,167,0.0530973,6.90478,6.95788,12,7,5502,5206,12.0647,10.6605,22.7252,4006.4148299999993,0
167,168,0.0543876,4.86865,4.92303,34,15,5551,5247,10.4097,7.8653,18.2751,4029.6129599999995,0
168,169,0.0553042,6.28643,6.34174,15,8,5574,5264,11.8968,11.0084,22.9053,4058.8599999999997,0
169,170,0.0529893,6.11735,6.17034,34,17,5625,5309,9.6026,7.04543,16.6481,4081.6784399999997,0
170,171,0.0544532,7.7927,7.84715,16,8,5649,5327,10.6371,10.9344,21.5715,4111.097089999999,0
171,172,0.0559285,5.17771,5.23364,34,21,5704,5375,9.63303,6.61396,16.247,4132.577729999999,0
172,173,0.054578,5.73006,5.78464,12,13,5729,5398,11.3893,10.5199,21.9092,4160.271569999999,0
173,174,0.0561107,6.74439,6.8005,35,20,5784,5440,10.2295,7.02232,17.2519,4184.323969999999,0
174,175,0.0556613,8.49776,8.55342,15,9,5808,5460,11.5377,9.79768,21.3354,4214.212789999999,0
175,176,0.0550645,5.10129,5.15636,30,24,5862,5507,9.75661,7.33242,17.089,4236.458149999999,0
176,177,0.0559472,6.11224,6.16818,11,16,5873,5526,12.7079,9.97819,12.70801,4255.3343399999985,0
177,178,0.0577292,7.79267,7.8504,34,19,5926,5571,9.37833,7.03156,16.4099,4279.594639999998,0
178,179,0.0576323,9.54235,9.59998,17,15,5958,5597,9.8188,11.372,21.1908,4310.385419999999,0
179,180,0.0576996,5.72985,5.78755,34,23,6015,5644,9.79514,6.38993,16.1851,4332.358069999998,0
180,181,0.0569682,6.91048,6.96744,18,11,6044,5664,12.2325,10.4712,22.7038,4362.029309999998,0
181,182,0.0571872,8.65796,8.71515,38,15,6097,5710,9.41109,7.53932,16.9504,4387.694859999998,0
182,183,0.0570341,4.70056,4.75759,16,4,6117,5729,10.9249,10.2092,21.1342,4413.5866499999975,0
183,184,0.0565738,5.96126,6.01783,41,14,6172,5774,9.42252,7.04943,16.472,4436.076479999998,0
184,185,0.0580157,8.03731,8.09532,15,9,6196,5790,12.6974,10.2342,22.9316,4467.103399999998,0
185,186,0.0579221,6.44742,6.50535,14,5,6215,5806,12.034,10.8253,22.8594,4496.468149999998,0
186,187,0.0344599,1.05365,1.08811,0,0,6215,5806,11.4922,1.43e-07,11.492199857000001,4509.048459856998,1
187,188,0.0334152,1.05353,1.08695,0,0,6215,5806,11.6689,1.9e-07,11.668899810000001,4521.804309666998,2
188,189,0.058417,4.73246,4.79088,36,12,6263,5845,8.60355,7.98928,16.5928,4543.187989666998,2
189,190,0.0562584,4.72896,4.78521,17,8,6288,5862,11.8287,10.7023,22.531,4570.504199666998,2
190,191,0.0596926,6.25302,6.31271,41,19,6348,5913,8.28717,6.72939,15.0166,4591.833509666998,2
191,192,0.0583797,7.95599,8.01437,15,10,6373,5931,10.7051,11.6952,22.4003,4622.248179666998,2
192,193,0.0604071,5.84483,5.90524,35,14,6422,5970,10.3388,6.94069,17.2795,4645.432919666998,2
193,194,0.0599338,6.90368,6.96362,9,9,6431,5983,12.5424,10.9701,12.542499999999999,4664.939039666998,2
194,195,0.0340801,0.848806,0.882886,0,0,6431,5983,10.3502,1.8e-07,10.35029982,4676.172225486997,3
195,196,0.034014,0.850658,0.884672,0,0,6431,5983,10.6666,1.33e-07,10.666599867,4687.723497353997,4
196,197,0.0587481,5.44221,5.50095,27,11,6469,6013,10.7683,7.98926,18.7576,4711.982047353997,4
197,198,0.0584076,8.03874,8.09715,11,7,6480,6027,12.2627,11.4005,12.2627,4732.3418973539965,4
198,199,0.0590428,5.04605,5.10509,13,7,6500,6042,11.657,10.3996,22.0566,4759.503587353996,4
199,200,0.0592516,7.85376,7.91301,12,8,6520,6056,11.8874,11.0473,22.9348,4790.351397353997,4
200,201,0.0593383,9.03189,9.09123,27,17,6564,6094,9.60256,8.8947,18.4973,4817.939927353997,4
201,202,0.0588639,9.18605,9.24491,16,7,6587,6113,12.0285,10.0844,22.1129,4849.297737353997,4
202,203,0.0601274,9.37622,9.43635,35,24,6646,6159,9.59966,7.54833,17.148,4875.882087353997,4
203,204,0.0596518,4.41526,4.47491,12,5,6663,6174,11.76,10.8967,22.6567,4903.0136973539975,4
204,205,0.0576097,4.96161,5.01922,33,19,6715,6216,10.4418,7.28068,17.7225,4925.7554173539975,4
205,206,0.0574449,5.82464,5.88208,7,8,6722,6226,12.6161,11.3499,12.616100000000001,4944.253597353997,4
206,207,0.0609874,6.0944,6.15539,44,25,6791,6277,9.28482,6.25477,15.5396,4965.948587353997,4
207,208,0.0590793,2.4574,2.51648,16,1,6808,6293,11.1021,11.0209,22.123,4990.588067353997,4
208,209,0.0598186,7.0568,7.11662,37,21,6866,6342,10.4509,6.67589,17.1268,5014.831487353997,4
209,210,0.0583907,5.36613,5.42452,19,5,6890,6361,11.4538,9.98052,21.4344,5041.690407353996,4
210,211,0.0589004,4.00591,4.06481,33,19,6942,6399,9.79277,8.45634,18.2491,5064.004317353996,4
211,212,0.0607389,6.24522,6.30596,17,8,6967,6419,12.1211,9.69745,21.8186,5092.128877353996,4
212,213,0.0613143,4.26587,4.32718,40,8,7015,6458,10.6216,7.70128,18.3229,5114.778957353997,4
213,214,0.0622317,7.70352,7.76576,19,9,7043,6483,11.611,9.57167,21.1827,5143.727417353996,4
214,215,0.0612683,8.40062,8.46189,39,28,7110,6536,9.7284,9.05623,18.7846,5170.973907353997,4
215,216,0.0623009,6.75008,6.81238,17,11,7138,6559,12.0405,11.0657,23.1062,5200.892487353996,4
216,217,0.0636998,6.67387,6.73757,38,17,7193,6600,10.473,7.49724,17.9703,5225.6003573539965,4
217,218,0.0622662,8.92185,8.98412,18,4,7215,6618,11.1932,11.1724,22.3655,5256.9499773539965,4
218,219,0.0615534,8.19344,8.25499,34,17,7266,6659,10.2851,7.06969,17.3549,5282.559867353996,4
219,220,0.0633492,3.76054,3.82389,14,3,7283,6672,11.6399,10.9592,22.5991,5308.982857353996,4
220,221,0.0638491,5.04786,5.11171,29,17,7329,6709,10.003,7.50582,17.5088,5331.603367353996,4
221,222,0.0617076,5.84722,5.90893,19,12,7360,6732,11.275,10.3428,21.6178,5359.130097353996,4
222,223,0.0645336,7.88339,7.94792,37,29,7426,6781,9.57646,6.22306,15.7995,5382.877517353995,4
223,224,0.064731,6.32774,6.39247,18,6,7450,6801,12.1388,9.59079,21.7296,5410.999587353996,4
224,225,0.0628196,4.31784,4.38066,33,16,7499,6837,9.82255,8.51581,18.3384,5433.718647353996,4
225,226,0.0620228,7.12623,7.18825,15,7,7521,6857,12.0821,10.0413,22.1234,5463.030297353996,4
226,227,0.0631794,3.94463,4.00781,30,12,7563,6894,9.93954,9.03431,18.9739,5486.012007353996,4
227,228,0.0638811,8.64376,8.70765,14,17,7594,6916,11.0805,11.693,22.7736,5517.493257353995,4
228,229,0.0626377,6.67683,6.73947,30,16,7640,6952,9.43913,8.05658,17.4957,5541.728427353995,4
229,230,0.0624249,8.26108,8.32351,9,4,7649,6962,12.3995,11.7702,12.399499999999998,5562.451437353995,4
230,231,0.065025,4.49809,4.56312,23,9,7681,6989,11.1074,8.78343,19.8909,5586.905457353995,4
231,232,0.0643496,3.24093,3.30528,14,2,7697,7003,11.9285,11.0781,23.0066,5613.217337353995,4
232,233,0.0644465,6.67346,6.7379,27,10,7734,7034,10.2834,8.34719,18.6306,5638.585837353995,4
233,234,0.0672098,5.58696,5.65417,10,11,7744,7051,12.1041,11.045,12.1041,5656.344107353995,4
234,235,0.0646221,6.13077,6.1954,30,17,7791,7090,9.4112,7.87441,17.2856,5679.825107353995,4
235,236,0.0666094,6.45163,6.51824,11,4,7802,7102,12.27,11.3712,12.270000000000001,5698.613347353995,4
236,237,0.0659646,4.96308,5.02904,26,14,7842,7136,10.7488,8.0489,18.7977,5722.440087353995,4
237,238,0.0671897,8.48441,8.5516,20,4,7866,7155,11.4046,10.3976,21.8023,5752.793987353995,4
238,239,0.0656899,7.08317,7.14886,29,22,7917,7196,10.1065,8.44115,18.5477,5778.490547353996,4
239,240,0.0682915,8.01145,8.07974,18,9,7944,7212,11.5439,10.8969,22.4408,5809.011087353996,4
240,241,0.0670307,8.09688,8.16391,44,33,8021,7269,9.8951,6.91431,16.8094,5833.984397353996,4
241,242,0.0666101,8.17351,8.24012,18,11,8050,7291,10.797,10.939,21.7361,5863.960617353996,4
242,243,0.0665332,1.67198,1.73851,44,4,8098,7328,10.1073,8.90806,19.0154,5884.714527353996,4
243,244,0.0677405,3.71233,3.78007,17,10,8125,7345,11.7598,10.3159,22.0758,5910.570397353997,4
244,245,0.067378,2.85598,2.92336,33,11,8169,7380,8.80665,8.62064,17.4273,5930.921057353997,4
245,246,0.0685446,5.13057,5.19912,16,5,8190,7393,11.9998,11.1459,23.1457,5959.265877353997,4
246,247,0.0675011,6.99068,7.05818,33,24,8247,7436,9.6214,8.00129,17.6227,5983.946757353997,4
247,248,0.0695929,8.62039,8.68998,17,11,8275,7456,11.1217,11.6024,22.7241,6015.360837353996,4
248,249,0.0681968,3.18232,3.25051,35,7,8317,7485,10.1279,8.07833,18.2062,6036.817547353997,4
249,250,0.0689661,3.34883,3.4178,18,6,8341,7503,11.242,10.6699,21.9119,6062.147247353997,4
250,251,0.0667979,6.58808,6.65488,34,22,8397,7546,9.64397,7.4822,17.1262,6085.928327353997,4
251,252,0.0705574,9.65713,9.72769,14,16,8427,7570,11.6374,10.818,22.4554,6118.111417353997,4
252,253,0.0683672,2.86904,2.93741,43,8,8478,7609,10.075,7.83982,17.9148,6138.963627353997,4
253,254,0.0701287,8.11926,8.18939,15,14,8507,7628,12.2652,10.5848,22.85,6170.003017353997,4
254,255,0.0707859,5.05156,5.12234,32,19,8558,7667,8.82988,7.9613,16.7912,6191.916557353997,4
255,256,0.0690523,8.68681,8.75587,15,7,8580,7681,12.0973,11.4502,23.5475,6224.219927353996,4
256,257,0.0724602,1.8037,1.87616,34,11,8625,7717,9.53946,7.72118,17.2607,6243.356787353996,4
257,258,0.069113,4.07636,4.14548,13,9,8647,7736,12.437,10.0138,22.4508,6269.953067353996,4
258,259,0.0709341,2.70893,2.77987,32,6,8685,7761,9.94862,9.60797,19.5566,6292.289537353996,4
259,260,0.0716605,7.15676,7.22842,11,7,8696,7775,11.6169,11.5835,11.616899999999998,6311.134857353996,4
260,261,0.071467,3.67033,3.74179,33,11,8740,7808,10.5706,7.98939,18.56,6333.436647353997,4
261,262,0.071624,4.57298,4.6446,7,7,8747,7819,12.6293,10.9339,12.629299999999999,6350.710547353997,4
262,263,0.0727078,7.06167,7.13437,17,9,8773,7841,10.5965,9.64403,20.2405,6378.0854173539965,4
263,264,0.0730293,7.06183,7.13485,12,3,8788,7851,12.2559,11.4687,23.7246,6408.944867353996,4
264,265,0.0723622,6.24651,6.31888,22,12,8822,7877,11.4238,8.67054,20.0944,6435.358147353996,4
265,266,0.0716284,5.60784,5.67947,12,6,8840,7891,12.0852,10.7504,22.8356,6463.873217353997,4
266,267,0.0716093,4.40193,4.47354,32,13,8885,7922,10.6281,7.55236,18.1805,6486.527257353997,4
267,268,0.0741082,7.30908,7.38319,11,12,8896,7941,11.7554,10.603,11.7554,6505.6658473539965,4
268,269,0.0713252,5.29221,5.36354,33,11,8940,7968,10.9685,8.2206,19.1891,6530.218487353996,4
269,270,0.0720568,10.1344,10.2065,15,12,8967,7986,11.7669,10.346,22.1129,6562.537887353997,4
270,271,0.072692,4.73154,4.80423,34,15,9016,8017,10.3448,7.71024,18.055,6585.397117353997,4
271,272,0.0732594,7.36308,7.43634,14,12,9042,8035,11.906,11.3405,23.2465,6616.079957353997,4
272,273,0.073414,3.431,3.50441,26,14,9082,8067,9.24956,9.2372,18.4868,6638.071167353997,4
273,274,0.072726,7.00228,7.075,12,15,9109,8084,11.7712,10.8137,22.5849,6667.731067353997,4
274,275,0.0742441,4.64655,4.72079,33,15,9157,8120,10.1192,7.01762,17.1369,6689.588757353997,4
275,276,0.0749461,5.60615,5.68109,11,10,9168,8135,12.4191,9.92963,12.419070000000001,6707.688917353997,4
276,277,0.0736365,6.17184,6.24548,34,24,9226,8181,8.92528,7.30014,16.2254,6730.1597973539965,4
277,278,0.0743761,9.83796,9.91233,12,14,9252,8203,11.6949,10.7029,22.3978,6762.469927353996,4
278,279,0.0743437,6.13257,6.20691,31,20,9303,8238,9.62889,8.78802,18.4169,6787.093737353996,4
279,280,0.0761126,4.41905,4.49516,13,7,9323,8252,12.2754,10.9128,23.1882,6814.777097353996,4
280,281,0.075174,6.2137,6.28887,35,29,9387,8298,10.4446,7.54578,17.9904,6839.056367353996,4
281,282,0.0760782,8.98662,9.0627,18,8,9413,8317,11.6868,11.2462,22.933,6871.052067353997,4
282,283,0.0769408,5.33306,5.41,40,16,9469,8354,8.93642,7.92372,16.8602,6893.322267353997,4
283,284,0.0772248,8.90123,8.97846,19,14,9502,8374,12.2116,10.6167,22.8283,6925.129027353997,4
284,285,0.0752476,5.48205,5.5573,31,20,9553,8412,10.411,8.50511,18.9161,6949.602427353997,4
285,286,0.0753018,5.71182,5.78712,16,6,9575,8427,12.5193,9.85311,22.3724,6977.761947353997,4
286,287,0.0775794,6.52071,6.59829,47,25,9647,8472,8.78189,7.73467,16.5166,7000.876837353997,4
287,288,0.0776258,3.31856,3.39618,16,10,9673,8492,11.9226,9.90036,21.823,7026.096017353997,4
288,289,0.077867,5.95913,6.037,29,21,9723,8526,11.0548,8.02341,19.0782,7051.211217353997,4
289,290,0.078272,2.45292,2.5312,21,4,9748,8542,11.2505,10.6413,21.8918,7075.634217353997,4
290,291,0.076587,6.40729,6.48388,29,13,9790,8566,10.7845,8.99573,19.7802,7101.898297353997,4
291,292,0.0787996,8.53027,8.60907,17,8,9815,8584,11.6675,10.8499,22.5174,7133.024767353997,4
292,293,0.0774184,7.80981,7.88723,22,20,9857,8619,10.1734,8.86667,19.0401,7159.9520973539975,4
293,294,0.0778506,2.61522,2.69307,12,3,9872,8630,12.3143,11.0902,23.4046,7186.049767353998,4
294,295,0.0795578,5.12593,5.20549,15,6,9893,8646,11.8221,9.8264,21.6485,7212.903757353997,4
295,296,0.0779804,8.46266,8.54065,12,8,9913,8658,12.6363,10.6334,23.2697,7244.714107353997,4
296,297,0.078623,2.85444,2.93306,30,7,9950,8683,11.5872,8.35146,19.9387,7267.585867353997,4
297,298,0.0793845,6.32276,6.40214,15,13,9978,8702,11.8379,10.4374,22.2753,7296.263307353997,4
298,299,0.0805439,7.70742,7.78796,27,20,10025,8737,10.9847,7.27787,18.2626,7322.313867353997,4
299,300,0.0778464,6.24877,6.32662,12,8,10045,8751,12.7473,10.7685,23.5158,7352.156287353997,4
300,301,0.0797445,6.82454,6.90428,27,22,10094,8786,9.80487,8.55202,18.3569,7377.417467353997,4
301,302,0.0814368,7.66603,7.74746,12,13,10119,8802,12.0522,11.2587,23.3109,7408.475827353997,4
302,303,0.079019,6.04174,6.12075,29,21,10169,8837,9.92279,8.21986,18.1427,7432.739277353998,4
303,304,0.0825344,4.31398,4.39651,18,7,10194,8849,11.8619,11.0877,22.9497,7460.085487353997,4
304,305,0.0805538,5.4818,5.56235,36,21,10251,8890,9.57732,7.3661,16.9434,7482.591237353998,4
305,306,0.0813852,5.17693,5.25832,15,11,10277,8907,11.9034,10.8655,22.7689,7510.618457353998,4
306,307,0.0821773,2.40933,2.4915,36,11,10324,8937,10.3571,8.82342,19.1805,7532.290457353997,4
307,308,0.0815053,4.46316,4.54467,14,1,10339,8945,12.3268,11.3982,23.7251,7560.560227353997,4
308,309,0.0843864,5.40553,5.48992,38,19,10396,8992,8.91236,7.38334,16.2957,7582.345847353997,4
309,310,0.0828311,6.03796,6.12079,18,9,10423,9010,12.3897,9.71574,22.1055,7610.572137353996,4
310,311,0.0809303,4.70132,4.78225,47,15,10485,9047,10.9034,6.59617,17.4995,7632.8538873539965,4
311,312,0.0817162,6.19455,6.27627,13,11,10509,9063,11.5341,11.2982,22.8324,7661.962557353996,4
312,313,0.0814187,5.48166,5.56308,30,29,10568,9103,9.89672,8.00875,17.9055,7685.431137353996,4
313,314,0.0844278,6.454,6.53843,15,10,10593,9120,12.53,10.621,23.1511,7715.1206673539955,4
314,315,0.0823883,7.63725,7.71963,38,24,10655,9164,9.23417,7.65559,16.8898,7739.730097353996,4
315,316,0.0841502,7.30756,7.39171,9,17,10664,9179,12.3719,10.6124,12.371900000000002,7759.493707353996,4
316,317,0.0820454,4.54291,4.62496,33,24,10721,9218,9.56802,6.90393,16.472,7780.590667353996,4
317,318,0.0836624,7.46726,7.55092,13,17,10751,9237,12.3514,10.7771,23.1284,7811.269987353996,4
318,319,0.0842957,6.11609,6.20039,36,21,10808,9279,9.69349,7.68847,17.382,7834.8523773539955,4
319,320,0.0854097,2.47844,2.56385,18,1,10827,9296,11.7875,10.1114,21.899,7859.315227353995,4
320,321,0.0859061,5.40138,5.48729,33,16,10876,9331,10.4748,6.77021,17.245,7882.047517353995,4
321,322,0.084532,5.89307,5.9776,14,4,10894,9345,12.2501,11.3804,23.6306,7911.655717353995,4
322,323,0.0841319,4.41662,4.50075,25,11,10930,9372,10.7923,9.35165,20.144,7936.300467353995,4
323,324,0.0819055,3.16733,3.24924,17,3,10950,9385,12.2176,10.7243,22.942,7962.4917073539955,4
324,325,0.0842926,4.96784,5.05214,37,10,10997,9418,11.0773,7.25213,18.3295,7985.873347353995,4
325,326,0.0860881,6.75124,6.83733,3,10,11000,9428,12.8677,11.7762,12.8677,8005.578377353995,4
326,327,0.0853358,7.24949,7.33483,14,4,11018,9442,11.8066,10.1368,21.9435,8034.856707353995,4
327,328,0.0869382,7.15048,7.23742,8,9,11026,9455,12.139,11.7254,12.139,8054.233127353995,4
328,329,0.0835072,4.9697,5.05321,35,10,11071,9485,11.1593,7.70484,18.8642,8078.150537353995,4
329,330,0.0867206,8.11054,8.19726,17,11,11099,9501,11.9355,10.6464,22.5819,8108.929697353995,4
330,331,0.0872138,3.35751,3.44472,34,11,11144,9532,9.94255,8.91847,18.861,8131.235417353995,4
331,332,0.0862015,4.65573,4.74193,14,13,11171,9546,12.0421,11.523,23.5651,8159.542447353995,4
332,333,0.0858385,7.12618,7.21202,37,23,11231,9588,9.49043,9.37056,18.861,8185.615467353995,4
333,334,0.0889844,8.01093,8.09992,19,3,11253,9604,11.9349,10.0377,21.9726,8215.687987353995,4
334,335,0.0886397,4.01913,4.10777,44,17,11314,9649,8.69004,6.91069,15.6007,8235.396457353994,4
335,336,0.08713,6.29502,6.38215,23,8,11345,9670,12.0453,10.733,22.7783,8264.556907353994,4
336,337,0.0874554,4.24018,4.32764,28,19,11392,9708,9.97126,7.74734,17.7186,8286.603147353993,4
337,338,0.0873873,5.84544,5.93283,18,4,11414,9725,11.5271,10.5147,22.0418,8314.577777353994,4
338,339,0.0885425,9.83062,9.91916,39,33,11486,9775,9.39488,7.16434,16.5592,8341.056137353993,4
339,340,0.0894852,3.03345,3.12294,10,7,11496,9785,12.9605,10.8797,12.9605,8357.139577353993,4
340,341,0.0901129,7.24529,7.3354,35,21,11552,9822,9.70811,8.31436,18.0225,8382.497477353994,4
341,342,0.0853217,4.0627,4.14802,13,9,11574,9837,12.2478,11.0526,23.3004,8409.945897353995,4
342,343,0.0879537,5.22848,5.31643,30,17,11621,9870,10.9162,6.53544,17.4516,8432.713927353994,4
343,344,0.0883713,4.96685,5.05522,20,4,11645,9889,11.7731,10.6015,22.3747,8460.143847353995,4
344,345,0.0881415,5.50324,5.59138,37,19,11701,9925,10.7203,7.15923,17.8795,8483.614727353995,4
345,346,0.0885264,3.78976,3.87829,10,8,11711,9936,12.2363,10.8041,12.236300000000002,8499.729317353995,4
346,347,0.0907924,4.0185,4.10929,37,15,11763,9974,10.4226,8.04059,18.4632,8522.301807353995,4
347,348,0.0902576,3.56118,3.65144,13,9,11785,9989,11.9785,10.7113,22.6899,8548.643147353996,4
348,349,0.0897831,4.10563,4.19541,40,19,11844,10028,9.97134,7.45599,17.4273,8570.265857353996,4
349,350,0.0888993,5.04104,5.12994,19,5,11868,10043,12.4494,10.4636,22.913,8598.308797353995,4
350,351,0.0904997,5.37792,5.46842,30,15,11913,10079,10.6071,7.30516,17.9123,8621.689517353994,4
351,352,0.0893236,7.62699,7.71631,16,13,11942,10095,11.9412,11.1295,23.0706,8652.476427353995,4
352,353,0.0906676,4.69876,4.78943,44,15,12001,10128,10.3947,8.05253,18.4473,8675.713157353995,4
353,354,0.0927882,7.54649,7.63928,16,13,12030,10151,11.0235,11.4081,22.4316,8705.784037353995,4
354,355,0.0892625,2.79416,2.88342,29,7,12066,10174,11.2098,9.43029,20.6402,8729.307657353995,4
355,356,0.0901054,3.28092,3.37103,16,5,12087,10189,12.1915,11.0652,23.2567,8755.935387353995,4
356,357,0.0922802,5.72304,5.81532,27,17,12131,10218,10.3818,9.16296,19.5448,8781.295507353994,4
357,358,0.0925688,5.48009,5.57265,7,13,12138,10230,12.3682,10.6431,12.368299999999998,8799.236457353994,4
358,359,0.0918891,6.68086,6.77275,19,9,12166,10246,11.6828,10.8002,22.483,8828.492207353995,4
359,360,0.0919089,6.6018,6.6937,8,6,12174,10254,12.8645,11.6352,12.864500000000001,8848.050407353994,4
360,361,0.0898547,2.47683,2.56668,29,12,12215,10278,10.5185,10.2983,20.8168,8871.433887353995,4
361,362,0.0931369,3.1078,3.20094,11,7,12226,10287,11.9988,11.5838,11.9988,8886.633627353995,4
362,363,0.0922158,6.27769,6.3699,35,27,12288,10327,9.92986,8.79017,18.72,8911.723527353995,4
363,364,0.0939182,6.11672,6.21064,11,11,12299,10338,12.5591,11.146,12.5592,8930.493367353996,4
364,365,0.0940845,4.0734,4.16749,37,9,12345,10365,10.0647,8.72973,18.7945,8953.455357353996,4
365,366,0.0949259,8.21947,8.31439,10,13,12355,10377,12.7465,11.6237,12.746500000000001,8974.516247353997,4
366,367,0.0943646,5.13212,5.22649,38,18,12411,10411,10.1109,7.64972,17.7606,8997.503337353997,4
367,368,0.0949518,6.09739,6.19234,15,15,12441,10429,12.2583,10.0981,22.3565,9026.052177353997,4
368,369,0.0950793,4.07454,4.16962,38,12,12491,10461,9.78624,8.01738,17.8036,9048.025397353997,4
369,370,0.0972434,2.94479,3.04203,15,4,12510,10471,12.2177,11.4178,23.6355,9074.702927353997,4
370,371,0.095857,7.79384,7.88969,37,24,12571,10505,9.77833,8.65657,18.4349,9101.027517353998,4
371,372,0.0968959,5.3663,5.4632,15,7,12593,10523,11.618,10.6097,22.2277,9128.718417353997,4
372,373,0.0949709,4.65489,4.74986,38,20,12651,10558,9.96403,7.81507,17.7791,9151.247377353997,4
373,374,0.0950167,6.24585,6.34087,17,11,12679,10578,12.269,9.94294,22.212,9179.800247353996,4
374,375,0.0962097,4.88717,4.98338,39,18,12736,10618,10.9299,6.98957,17.9195,9202.703127353996,4
375,376,0.0961966,7.46732,7.56352,14,12,12762,10637,11.7661,10.7449,22.511,9232.777647353996,4
376,377,0.0984369,3.1055,3.20393,38,12,12812,10672,11.1217,6.70854,17.8303,9253.811877353995,4
377,378,0.0967025,6.02166,6.11837,18,13,12843,10692,11.6187,9.92663,21.5453,9281.475547353995,4
378,379,0.0968051,6.20843,6.30523,36,25,12904,10735,9.4964,8.62352,18.1199,9305.900677353995,4
379,380,0.0989768,6.4487,6.54767,12,9,12925,10752,12.6662,10.7275,23.3937,9335.842047353995,4
380,381,0.0975348,6.54587,6.6434,35,23,12983,10793,10.2349,7.00719,17.2421,9359.727547353996,4
381,382,0.0978892,3.74895,3.84684,10,12,12993,10810,12.562,10.1779,12.5619,9376.136287353997,4
382,383,0.0967386,7.02892,7.12566,36,22,13051,10849,9.80485,8.0379,17.8428,9401.104747353997,4
383,384,0.0999331,2.13738,2.23732,14,2,13067,10858,12.2483,12.1486,24.3969,9427.738967353996,4
384,385,0.0995739,6.47017,6.56974,35,15,13117,10889,11.1368,8.02497,19.1618,9453.470507353997,4
385,386,0.0986922,6.71861,6.81731,13,12,13142,10907,11.8887,9.99563,21.8843,9482.172117353997,4
386,387,0.0980226,4.0628,4.16082,36,19,13197,10939,10.2471,9.69777,19.9448,9506.277737353998,4
387,388,0.0985885,3.16054,3.25913,15,6,13218,10955,11.9409,10.0942,22.0351,9531.571967353997,4
388,389,0.0971127,3.07802,3.17514,34,12,13264,10984,10.5674,8.64461,19.212,9553.959107353998,4
389,390,0.0973959,1.67592,1.77332,14,2,13280,10997,12.0876,10.9254,23.013,9578.745427353997,4
390,391,0.100957,3.48026,3.58122,25,8,13313,11015,10.2678,11.3983,21.6661,9603.992747353997,4
391,392,0.100861,7.70355,7.80441,11,7,13324,11024,12.4289,11.4065,12.4289,9624.226057353997,4
392,393,0.101907,6.83357,6.93547,28,17,13369,11053,10.6134,8.37451,18.988,9650.149527353997,4
393,394,0.101305,7.63631,7.73761,16,7,13392,11066,11.9348,11.0923,23.0271,9680.914237353996,4
394,395,0.101305,8.18221,8.28352,41,31,13464,11112,9.73572,7.27002,17.0058,9706.203557353996,4
395,396,0.102231,6.59477,6.69701,17,12,13493,11132,12.4455,10.5385,22.984,9735.884567353996,4
396,397,0.100942,6.52512,6.62606,28,22,13543,11172,9.98655,8.39472,18.3813,9760.891927353996,4
397,398,0.10198,7.38672,7.4887,18,15,13576,11187,12.2402,11.4106,23.6508,9792.031427353995,4
398,399,0.100404,8.01209,8.11249,24,32,13632,11227,9.93332,8.54473,18.4781,9818.622017353995,4
399,400,0.10333,4.34115,4.44448,11,10,13643,11237,12.4535,11.2207,12.453499999999998,9835.519997353995,4
400,401,0.100777,7.46749,7.56827,36,20,13699,11271,10.9468,8.83068,19.7775,9862.865767353995,4
401,402,0.101224,4.64905,4.75027,13,7,13719,11283,12.4337,10.7542,23.1879,9890.803937353994,4
402,403,0.103324,6.50428,6.6076,35,21,13775,11316,11.2381,8.04874,19.2869,9916.698437353994,4
403,404,0.101692,4.72269,4.82438,17,9,13801,11329,11.9518,10.6962,22.648,9944.170817353994,4
404,405,0.103774,6.97133,7.0751,39,25,13865,11369,10.5853,6.87524,17.4606,9968.706517353994,4
405,406,0.104376,7.89692,8.0013,16,21,13902,11397,11.3053,9.8474,21.1527,9997.860517353995,4
406,407,0.102156,5.17702,5.27917,31,22,13955,11432,9.80413,8.56275,18.3669,10021.506587353995,4
407,408,0.103258,6.74894,6.8522,11,10,13966,11448,12.2001,10.4651,12.200199999999999,10040.558987353996,4
408,409,0.103109,5.81878,5.92189,35,13,14014,11478,9.74924,9.54537,19.2946,10065.775477353996,4
409,410,0.102303,2.6506,2.7529,15,6,14035,11488,12.3319,11.5858,23.9177,10092.446077353996,4
410,411,0.101887,6.36558,6.46747,39,19,14093,11520,9.7659,7.69537,17.4613,10116.374847353996,4
411,412,0.102895,7.94366,8.04656,19,12,14124,11537,11.7201,9.98745,21.7076,10146.129007353997,4
412,413,0.103439,6.58634,6.68978,38,19,14181,11574,10.2432,7.00667,17.2499,10170.068687353996,4
413,414,0.103081,2.96193,3.06501,11,5,14192,11587,11.8561,10.7437,11.856099999999998,10184.989797353996,4
414,415,0.10551,7.15981,7.26532,32,25,14249,11621,10.2307,8.01252,18.2432,10210.498317353995,4
415,416,0.105311,9.37215,9.47746,19,11,14279,11636,11.175,11.5711,22.7461,10242.721877353995,4
416,417,0.104948,3.04216,3.14711,42,12,14333,11669,8.89766,8.61355,17.5112,10263.380187353996,4
417,418,0.105477,5.25711,5.36258,14,6,14353,11681,12.0537,11.3643,23.418,10292.160767353997,4
418,419,0.105615,7.08273,7.18834,29,22,14404,11717,10.5642,6.86089,17.4251,10316.774207353996,4
419,420,0.107408,2.72665,2.83406,19,3,14426,11729,12.1685,10.4617,22.6302,10342.238467353996,4
420,421,0.106631,3.75083,3.85747,31,9,14466,11757,11.3132,7.46115,18.7743,10364.870237353996,4
421,422,0.107507,6.89748,7.00499,10,3,14476,11768,12.8793,11.1618,12.8794,10384.754627353996,4
422,423,0.108731,7.71725,7.82598,18,11,14505,11785,11.7706,10.1324,21.903,10414.483607353995,4
423,424,0.107562,5.67727,5.78483,8,4,14513,11795,12.2957,11.3136,12.295700000000002,10432.564137353995,4
424,425,0.107617,4.79832,4.90594,36,15,14564,11826,10.9571,7.46194,18.4191,10455.889177353994,4
425,426,0.107226,3.68186,3.78908,19,5,14588,11839,12.2376,10.6084,22.846,10482.524257353994,4
426,427,0.108351,5.5122,5.62056,31,15,14634,11864,10.0071,9.67535,19.6825,10507.827317353995,4
427,428,0.109101,8.35286,8.46196,12,4,14650,11873,12.4825,11.6271,24.1097,10540.398977353994,4
428,429,0.109203,3.43122,3.54042,38,6,14694,11903,10.9713,7.28499,18.2563,10562.195697353995,4
429,430,0.109647,6.81793,6.92758,18,1,14713,11915,12.4662,11.3173,23.7835,10592.906777353994,4
430,431,0.1094,5.30147,5.41087,32,17,14762,11948,10.6547,8.19648,18.8512,10617.168847353994,4
431,432,0.110988,6.24984,6.36082,12,8,14782,11964,12.3179,10.5914,22.9093,10646.438967353994,4
432,433,0.108748,4.56992,4.67867,42,18,14842,11999,10.1362,7.03989,17.1761,10668.293737353993,4
433,434,0.109768,9.56846,9.67823,15,15,14872,12020,11.284,11.0532,22.3373,10700.309267353994,4
434,435,0.109831,5.76419,5.87402,37,11,14920,12050,9.80479,8.16306,17.9679,10724.151187353995,4
435,436,0.108778,7.24606,7.35484,15,12,14947,12067,12.4266,10.1335,22.5601,10754.066127353995,4
436,437,0.108586,8.09746,8.20605,31,43,15021,12109,10.3913,7.31404,17.7054,10779.977577353995,4
437,438,0.1067,7.94078,8.04748,11,13,15032,12121,12.5394,11.445,12.5394,10800.564457353996,4
438,439,0.111459,4.86704,4.9785,35,15,15082,12153,9.94654,7.75678,17.7033,10823.246257353996,4
439,440,0.110492,6.27629,6.38678,11,11,15093,12165,12.7112,10.9696,12.711300000000001,10842.344337353996,4
440,441,0.107743,9.45664,9.56438,33,34,15160,12206,10.0276,8.79231,18.8199,10870.728617353996,4
441,442,0.10994,5.63528,5.74522,15,7,15182,12221,12.5464,9.50237,22.0488,10898.522637353995,4
442,443,0.109967,7.47074,7.5807,44,24,15250,12270,8.90888,7.44929,16.3582,10922.461537353995,4
443,444,0.111522,6.73732,6.84884,13,9,15272,12283,12.412,11.1479,23.5599,10952.870277353995,4
444,445,0.110776,5.36198,5.47276,37,17,15326,12317,10.2773,8.34392,18.6212,10976.964237353995,4
445,446,0.11345,6.33969,6.45314,16,8,15350,12335,11.961,10.0997,22.0607,11005.478077353995,4
446,447,0.111445,7.96916,8.08061,37,34,15421,12372,9.87885,8.13761,18.0165,11031.575187353996,4
447,448,0.111864,9.58401,9.69588,16,7,15444,12385,12.086,11.2486,23.3346,11064.605667353995,4
448,449,0.115106,7.62788,7.74299,31,35,15510,12425,10.2607,8.43325,18.694,11091.042657353995,4
449,450,0.112846,8.75754,8.87039,13,10,15533,12436,12.5519,11.1489,23.7008,11123.613847353996,4
450,451,0.114663,4.79561,4.91027,30,11,15574,12459,10.2895,9.89634,20.1858,11148.709917353995,4
451,452,0.113807,5.96136,6.07517,7,9,15581,12470,12.8694,10.6436,12.869400000000002,11167.654487353995,4
452,453,0.113034,5.48143,5.59446,37,15,15633,12502,10.2469,8.19668,18.4436,11191.692547353996,4
453,454,0.113803,6.70296,6.81676,8,10,15641,12513,12.0418,11.5264,12.0418,11210.551107353996,4
454,455,0.114158,6.15555,6.26971,14,12,15667,12528,12.2442,10.5782,22.8224,11239.643217353996,4
455,456,0.114323,9.05124,9.16557,10,5,15677,12537,12.1922,12.3887,12.1922,11261.000987353997,4
456,457,0.114767,5.67186,5.78663,35,10,15722,12561,10.9189,8.34501,19.264,11286.051617353996,4
457,458,0.113151,8.92142,9.03457,16,20,15758,12582,11.5458,12.4231,23.9689,11319.055087353996,4
458,459,0.114791,7.38763,7.50242,45,23,15826,12620,10.7675,7.37283,18.1403,11344.697807353996,4
459,460,0.116176,9.10548,9.22166,18,6,15850,12637,12.0751,10.3451,22.4202,11376.339667353996,4
460,461,0.114702,7.46874,7.58344,37,17,15904,12671,9.93748,8.66381,18.6013,11402.524407353996,4
461,462,0.117065,8.75971,8.87677,15,16,15935,12689,11.54,11.3048,22.8448,11434.245977353996,4
462,463,0.115776,4.79752,4.9133,32,25,15992,12723,11.1277,7.45129,18.579,11457.738277353996,4
463,464,0.114701,6.09087,6.20558,17,12,16021,12738,12.2718,10.512,22.7839,11486.727757353996,4
464,465,0.116605,7.62539,7.74199,33,37,16091,12778,9.81503,8.3096,18.1246,11512.594347353996,4
465,466,0.117747,7.63319,7.75094,21,10,16122,12796,11.8969,10.3312,22.2281,11542.573387353996,4
466,467,0.119039,8.68347,8.80251,40,26,16188,12834,10.0501,8.4952,18.5453,11569.921197353995,4
467,468,0.118773,5.04472,5.16349,13,6,16207,12845,11.6256,11.2703,22.8959,11597.980587353995,4
468,469,0.118257,6.89562,7.01388,27,37,16271,12888,9.43225,8.48065,17.9129,11622.907367353995,4
469,470,0.116722,8.36608,8.48281,18,17,16306,12904,11.4469,12.2237,23.6706,11655.060777353996,4
470,471,0.118928,9.58397,9.7029,34,38,16378,12934,10.7345,9.96088,20.6954,11685.459077353997,4
471,472,0.119334,7.39276,7.51209,12,15,16405,12944,12.9437,10.6069,23.5506,11716.521767353997,4
472,473,0.118577,5.68395,5.80253,43,20,16468,12983,8.97004,8.19342,17.1635,11739.487797353997,4
473,474,0.11877,6.97479,7.09356,20,9,16497,12997,12.814,10.5145,23.3285,11769.909857353998,4
474,475,0.119445,8.18705,8.30649,48,20,16565,13031,10.6453,7.17448,17.8198,11796.036147353998,4
475,476,0.118773,6.65965,6.77842,18,7,16590,13049,12.141,10.3506,22.4916,11825.306167353998,4
476,477,0.119438,7.55414,7.67358,38,35,16663,13098,8.89549,7.83618,16.7317,11849.711447353999,4
477,478,0.118607,9.22098,9.33959,20,13,16696,13113,12.214,11.6742,23.8882,11882.939237354,4
478,479,0.118155,7.00985,7.12801,38,22,16756,13140,10.5688,8.84268,19.4115,11909.478747354,4
479,480,0.121567,5.97589,6.09746,15,8,16779,13155,11.6912,10.8651,22.5563,11938.132507354,4
480,481,0.117307,6.52407,6.64138,38,22,16839,13190,9.91291,9.0978,19.0107,11963.784587353999,4
481,482,0.117897,7.22987,7.34776,16,2,16857,13206,12.0212,9.82507,21.8463,11992.978647353999,4
482,483,0.120191,3.19904,3.31923,37,7,16901,13231,10.2159,9.28012,19.496,12015.793877353999,4
483,484,0.120486,6.52091,6.64139,13,10,16924,13243,12.4283,11.1843,23.6126,12046.047867353998,4
484,485,0.118607,6.41034,6.52895,36,20,16980,13275,9.93109,8.01765,17.9488,12070.525617353998,4
485,486,0.12146,5.9504,6.07186,11,5,16991,13284,12.7923,11.3593,12.7923,12089.389777353997,4
486,487,0.121533,5.13042,5.25195,16,9,17016,13300,11.9616,10.6413,22.6029,12117.244627353997,4
487,488,0.120156,6.52372,6.64388,12,7,17035,13311,12.5312,11.7122,24.2434,12148.131907353998,4
488,489,0.122784,5.04811,5.1709,25,21,17081,13335,10.3157,10.5618,20.8775,12174.180307353998,4
489,490,0.12044,7.65211,7.77256,12,7,17100,13350,11.9346,11.4628,23.3974,12205.350267353997,4
490,491,0.12272,9.25941,9.38213,31,28,17159,13390,10.0037,8.49758,18.5013,12233.233697353997,4
491,492,0.123499,5.3626,5.4861,15,7,17181,13402,11.9102,12.241,24.1512,12262.870997353997,4
492,493,0.122582,5.20701,5.32959,31,17,17229,13432,10.8214,8.56907,19.3905,12287.591087353998,4
493,494,0.123206,8.40264,8.52584,19,15,17263,13448,11.7039,11.533,23.237,12319.353927353997,4
494,495,0.123648,3.78925,3.9129,29,17,17309,13475,10.4213,9.15863,19.5799,12342.846727353997,4
495,496,0.121507,4.14276,4.26427,10,11,17319,13483,12.6856,12.0401,12.685599999999999,12359.796597353998,4
496,497,0.121769,6.83405,6.95582,27,22,17368,13514,10.8821,9.10993,19.9921,12386.744517353998,4
497,498,0.122121,8.27148,8.39361,17,10,17395,13529,12.2139,10.6009,22.8148,12417.952927353997,4
498,499,0.123377,5.02102,5.1444,35,25,17455,13564,10.0539,7.86802,17.9219,12441.019227353998,4
499,500,0.123896,6.45488,6.57877,12,16,17483,13577,12.7327,11.0005,23.7332,12471.331197353999,4
500,501,0.12414,7.54046,7.6646,45,21,17549,13613,10.0528,7.32876,17.3816,12496.377397354,4
501,502,0.12588,9.09673,9.22261,20,7,17576,13622,12.1086,11.4122,23.5208,12529.120807353998,4
502,503,0.125819,5.5653,5.69112,38,19,17633,13647,11.3846,9.0486,20.4332,12555.245127354,4
503,504,0.124763,5.64977,5.77453,16,12,17661,13662,11.5525,11.1912,22.7437,12583.763357353999,4
504,505,0.125582,4.18609,4.31167,41,21,17723,13695,9.94525,8.68249,18.6278,12606.702827353998,4
505,506,0.126207,7.63259,7.7588,18,13,17754,13713,12.376,10.8196,23.1956,12637.657227353999,4
506,507,0.124701,8.48202,8.60672,54,19,17827,13763,9.04677,7.09854,16.1453,12662.409247353999,4
507,508,0.123633,5.26821,5.39184,15,6,17848,13774,12.248,11.0107,23.2587,12691.059787354,4
508,509,0.123994,7.7802,7.90419,37,29,17914,13808,10.56,8.92451,19.4845,12718.448477353999,4
509,510,0.127342,6.67277,6.80012,13,11,17938,13822,12.4027,10.8429,23.2457,12748.494297353998,4
510,511,0.126777,6.59429,6.72107,37,27,18002,13864,7.77224,9.38106,17.1533,12772.368667353998,4
511,512,0.12653,8.88872,9.01525,15,11,18028,13878,11.75,11.463,23.213,12804.596917353998,4
512,513,0.127936,5.49834,5.62627,30,29,18087,13917,11.5613,7.07158,18.6328,12828.855987353998,4
513,514,0.127557,7.55296,7.68052,18,9,18114,13927,12.3815,11.0854,23.4669,12860.003407353997,4
514,515,0.12875,4.38415,4.5129,24,10,18148,13947,12.0001,9.35842,21.3585,12885.874807353997,4
515,516,0.129365,4.93425,5.06362,13,10,18171,13960,12.3733,10.6224,22.9958,12913.934227353997,4
516,517,0.129094,8.73386,8.86295,30,26,18227,13992,11.1737,8.91635,20.0901,12942.887277353997,4
517,518,0.127832,6.19816,6.32599,9,5,18236,13998,12.5374,12.304,12.5375,12961.750767353997,4
518,519,0.127632,7.30948,7.43711,16,10,18262,14016,12.0337,9.32078,21.3545,12990.542377353997,4
519,520,0.128309,9.36541,9.49372,10,9,18272,14027,11.9838,11.9193,11.983899999999998,13012.019997353997,4
520,521,0.129558,5.40908,5.53863,31,9,18312,14046,10.9015,10.7054,21.6069,13039.165527353996,4
521,522,0.127495,7.22879,7.35628,14,9,18335,14059,12.2573,11.2599,23.5173,13070.039107353996,4
522,523,0.129848,5.02399,5.15384,34,18,18387,14093,10.595,7.40904,18.0041,13093.197047353995,4
523,524,0.128087,6.45022,6.57831,34,23,18444,14124,10.5589,7.85631,18.4152,13118.190557353995,4
524,525,0.129725,7.54818,7.6779,23,16,18483,14143,11.8794,10.2597,22.1391,13148.007557353994,4
525,526,0.127848,9.36854,9.49639,48,32,18563,14186,10.6653,7.63341,18.2987,13175.802647353994,4
526,527,0.130268,5.10017,5.23044,16,7,18586,14195,12.5504,11.0268,23.5773,13204.610387353994,4
527,528,0.128304,8.26268,8.39099,36,38,18660,14232,10.863,7.47682,18.3399,13231.341277353995,4
528,529,0.130989,10.0012,10.1322,16,18,18694,14251,12.0019,11.5407,23.5426,13265.016077353996,4
529,530,0.131628,8.01127,8.1429,36,31,18761,14291,10.4561,9.57705,20.0332,13293.192177353996,4
530,531,0.132834,5.34232,5.47515,17,4,18782,14300,11.9549,11.695,23.6498,13322.317127353996,4
531,532,0.130922,5.26818,5.3991,47,16,18845,14334,10.2708,8.05268,18.3235,13346.039727353995,4
532,533,0.132082,5.75643,5.88851,17,16,18878,14352,12.0545,10.7131,22.7676,13374.695837353995,4
533,534,0.132178,6.29496,6.42714,37,28,18943,14385,10.5852,8.38201,18.9673,13400.090277353995,4
534,535,0.133738,5.82489,5.95863,12,9,18964,14399,11.9554,10.7087,22.6641,13428.713007353994,4
535,536,0.133693,6.38183,6.51553,36,20,19020,14430,9.55793,8.91611,18.4741,13453.702637353994,4
536,537,0.132157,7.08327,7.21543,22,8,19050,14440,12.394,10.9747,23.3687,13484.286767353993,4
537,538,0.132256,5.56561,5.69786,39,21,19110,14482,10.4211,6.89819,17.3193,13507.303927353993,4
538,539,0.134079,7.46914,7.60322,17,13,19140,14497,11.5389,11.602,23.1409,13538.048047353992,4
539,540,0.133119,8.74441,8.87753,38,13,19191,14522,12.0452,8.26651,20.3117,13567.237277353992,4
540,541,0.133575,4.96211,5.09568,14,9,19214,14537,12.4264,10.9144,23.3408,13595.673757353992,4
541,542,0.134924,8.55526,8.69019,19,15,19248,14555,12.2079,10.0592,22.2672,13626.631147353992,4
542,543,0.134997,8.96467,9.09967,12,9,19269,14564,12.5959,12.0762,24.6722,13660.403017353992,4
543,544,0.134203,9.59097,9.72517,27,23,19319,14596,11.3779,8.46894,19.8468,13689.974987353993,4
544,545,0.134656,9.26192,9.39658,17,13,19349,14610,12.601,11.0384,23.6394,13723.010967353994,4
545,546,0.134422,9.66099,9.79541,38,34,19421,14647,11.073,8.55067,19.6237,13752.430077353994,4
546,547,0.134903,9.89169,10.0266,19,13,19453,14664,11.6341,10.9463,22.5804,13785.037077353994,4
547,548,0.133173,4.65191,4.78508,34,13,19500,14690,11.4435,8.58486,20.0284,13809.850557353995,4
548,549,0.137883,4.88838,5.02627,22,8,19530,14703,12.5822,10.2446,22.8268,13837.703627353994,4
549,550,0.135676,5.26553,5.4012,42,21,19593,14737,10.2531,8.17517,18.4283,13861.533127353994,4
550,551,0.13759,5.75088,5.88847,23,15,19631,14753,12.577,10.5889,23.1659,13890.587497353994,4
551,552,0.136296,5.49884,5.63513,37,20,19688,14778,10.6658,8.80901,19.4748,13915.697427353994,4
552,553,0.136154,5.97468,6.11083,18,11,19717,14793,12.0921,10.2349,22.3271,13944.135357353995,4
553,554,0.138159,6.52798,6.66614,35,23,19775,14820,11.083,8.13204,19.2151,13970.016597353995,4
554,555,0.137826,6.594,6.73183,24,11,19810,14836,12.0978,10.8577,22.9555,13999.703927353996,4
555,556,0.137212,7.1479,7.28511,32,33,19875,14873,10.6126,8.42266,19.0352,14026.024237353995,4
556,557,0.138189,6.92541,7.0636,24,11,19910,14894,11.4403,11.0644,22.5048,14055.592637353995,4
557,558,0.131586,5.58133,5.71291,36,36,19982,14928,10.1914,7.96493,18.1564,14079.461947353995,4
558,559,0.138542,6.3814,6.51994,18,12,20012,14940,12.7748,10.9205,23.6954,14109.677287353996,4
559,560,0.138633,6.52831,6.66695,27,27,20066,14966,11.283,8.41475,19.6977,14136.041937353995,4
560,561,0.13959,6.37886,6.51845,14,7,20087,14975,13.0427,10.9061,23.9489,14166.509287353996,4
561,562,0.1398,6.92142,7.06122,36,30,20153,15015,8.89203,9.29685,18.1889,14191.759407353997,4
562,563,0.139661,7.0826,7.22227,13,14,20180,15034,12.1648,10.9422,23.107,14222.088677353997,4
563,564,0.137785,7.93184,8.06963,35,25,20240,15068,10.9395,8.26988,19.2094,14249.367707353997,4
564,565,0.135018,7.776,7.91102,23,10,20273,15083,12.2739,10.7706,23.0445,14280.323227353996,4
565,566,0.137771,7.70408,7.84185,41,26,20340,15117,10.2646,8.41422,18.6788,14306.843877353997,4
566,567,0.138465,8.47601,8.61447,19,14,20373,15133,11.7805,11.0773,22.8578,14338.316147353997,4
567,568,0.138834,8.40693,8.54576,26,29,20428,15159,10.5597,10.1646,20.7243,14367.586207353997,4
568,569,0.137933,8.99405,9.13199,18,9,20455,15176,11.852,10.9013,22.7533,14399.471497353998,4
569,570,0.141382,8.9021,9.04348,30,25,20510,15207,11.0224,8.3077,19.3301,14427.845077353997,4
570,571,0.139784,5.56474,5.70452,12,8,20530,15219,12.0893,11.1374,23.2267,14456.776297353998,4
571,572,0.140295,6.58701,6.7273,35,17,20582,15240,11.2305,9.50998,20.7405,14484.244097353998,4
572,573,0.139674,8.1867,8.32637,10,8,20592,15246,12.8511,12.077,12.8511,14505.421567353998,4
573,574,0.142627,9.13565,9.27828,24,15,20631,15260,12.323,10.8756,23.1986,14537.898447353999,4
574,575,0.140115,5.73088,5.871,10,7,20641,15271,12.378,11.1665,12.378,14556.147447353998,4
575,576,0.140713,7.54783,7.68854,33,24,20698,15300,12.0256,8.61454,20.6401,14584.476087353998,4
576,577,0.140638,8.90147,9.04211,14,11,20723,15317,11.207,11.2285,22.4355,14615.953697353998,4
577,578,0.142574,9.9284,10.071,43,37,20803,15358,9.82975,8.57299,18.4028,14644.427497353998,4
578,579,0.143752,6.03335,6.1771,12,9,20824,15365,12.8738,11.4978,24.3716,14674.976197353997,4
579,580,0.143273,7.30745,7.45073,41,24,20889,15394,10.2401,8.49111,18.7312,14701.158127353998,4
580,581,0.141418,9.06208,9.20349,21,17,20927,15415,11.1596,11.2352,22.3949,14732.756517353997,4
581,582,0.142882,6.45064,6.59353,38,23,20988,15444,10.231,8.79386,19.0249,14758.374947353997,4
582,583,0.141937,8.15013,8.29207,19,8,21015,15457,12.1231,11.2719,23.395,14790.062017353997,4
583,584,0.142677,6.66355,6.80622,44,26,21085,15493,9.39615,8.44093,17.8371,14814.705337353997,4
584,585,0.143316,7.32157,7.46489,18,13,21116,15505,12.227,10.9845,23.2115,14845.381727353997,4
585,586,0.143818,8.54735,8.69117,40,28,21184,15535,10.0766,9.29259,19.3692,14873.442097353996,4
586,587,0.142462,4.804,4.94646,20,5,21209,15549,12.5688,9.94362,22.5125,14900.901057353996,4
587,588,0.1446,8.53763,8.68223,48,38,21295,15598,9.71784,7.30787,17.0257,14926.608987353997,4
588,589,0.144096,9.99155,10.1356,27,15,21337,15616,12.2649,10.811,23.0759,14959.820487353996,4
589,590,0.144059,6.24855,6.3926,36,24,21397,15644,11.3161,8.62563,19.9417,14986.154787353997,4
590,591,0.146541,7.62702,7.77356,16,11,21424,15654,12.1193,11.809,23.9284,15017.856747353997,4
591,592,0.144457,9.19272,9.33718,35,36,21495,15692,10.7511,9.06608,19.8172,15047.011127353997,4
592,593,0.145546,5.2901,5.43564,16,11,21522,15707,11.4958,11.4789,22.9748,15075.421567353997,4
593,594,0.14507,8.03683,8.1819,32,31,21585,15732,10.9643,9.029,19.9933,15103.596767353996,4
594,595,0.146215,9.92799,10.0742,14,15,21614,15746,11.6336,11.0351,22.6688,15136.339767353997,4
595,596,0.147227,5.09524,5.24247,42,22,21678,15779,9.77278,8.10348,17.8763,15159.458537353996,4
596,597,0.146835,6.51938,6.66621,18,17,21713,15791,12.02,11.6487,23.6686,15189.793347353996,4
597,598,0.135737,2.0427,2.17844,17,1,21731,15800,13.109,8.87442,21.9835,15213.955287353996,4
598,599,0.133337,1.82837,1.9617,0,0,21731,15800,12.8154,1.74e-07,12.815499826,15228.732487179996,5
599,600,0.147243,10.0823,10.2296,18,13,21762,15818,11.9738,11.5465,23.5204,15262.482487179996,5
